UDI,Product ID,Type,Air temperature [K],Process temperature [K],Rotational speed [rpm],Torque [Nm],Tool wear [min],Machine failure,TWF,HDF,PWF,OSF,RNF
4671,L51850,L,298.2,304.4,1610,35.5,63,0,0,0,0,0,0
1375,L48554,L,293.8,303.3,1553,36.8,97,0,0,0,0,0,0
2627,L49806,L,294.7,302.4,1650,29.8,93,0,0,0,0,0,0
4470,L51649,L,297.7,303.5,1446,40.9,211,1,1,0,0,0,0
7362,L54541,L,294.5,303.0,1502,38.5,52,0,0,0,0,0,0
8411,L55590,L,293.5,302.5,1548,44.5,132,0,0,0,0,0,0
5565,L52744,L,297.4,304.8,1416,56.1,200,0,0,0,0,0,0
7168,L54347,L,295.3,303.3,1362,60.3,206,1,0,0,0,1,0
1503,L48682,L,293.0,301.7,1462,48.2,204,0,0,0,0,0,0
3638,M18497,M,297.2,304.4,1626,31.6,62,0,0,0,0,0,0
7392,L54571,L,294.7,303.6,1675,31.3,129,0,0,0,0,0,0
5728,M20587,M,297.3,304.8,1559,34.4,191,0,0,0,0,0,0
437,L47616,L,292.3,301.3,1504,36.3,45,0,0,0,0,0,0
9072,L56251,L,287.0,294.1,1429,54.0,138,0,0,0,0,0,0
873,M15732,M,290.8,299.4,1335,51.7,69,0,0,0,0,0,0
6496,M21355,M,295.6,302.8,1694,31.1,187,0,0,0,0,0,0
8225,L55404,L,294.1,303.5,1496,35.2,60,0,0,0,0,0,0
3052,L50231,L,295.2,302.3,1366,59.3,57,0,0,0,0,0,0
3863,H33276,H,297.5,304.5,1496,43.8,218,0,0,0,0,0,0
6327,L53506,L,295.6,303.0,1455,40.4,172,0,0,0,0,0,0
1338,H30751,H,293.7,303.2,1613,36.0,0,0,0,0,0,0,0
6143,L53322,L,295.9,303.9,1755,27.9,148,0,0,0,0,0,0
3679,L50858,L,297.2,304.5,1567,33.1,168,0,0,0,0,0,0
462,L47641,L,292.4,301.7,1402,40.2,114,0,0,0,0,0,0
5222,L52401,L,298.9,306.0,1626,31.4,209,0,0,0,0,0,0
1624,L48803,L,292.7,300.6,1921,22.9,68,0,0,0,0,0,0
6956,L54135,L,295.7,304.2,1399,62.9,84,0,0,0,0,0,0
5494,L52673,L,297.8,305.4,1376,57.1,8,0,0,0,0,0,0
2393,L49572,L,294.2,301.5,1340,50.0,144,0,0,0,0,0,0
2255,L49434,L,294.1,301.3,1325,46.9,28,0,0,0,0,0,0
628,L47807,L,293.4,303.1,1455,42.2,94,0,0,0,0,0,0
6510,L53689,L,296.1,303.1,1564,46.8,5,0,0,0,0,0,0
7741,L54920,L,295.5,305.0,1453,45.1,151,0,0,0,0,0,0
2274,L49453,L,294.3,301.5,1589,32.7,74,0,0,0,0,0,0
7686,L54865,L,295.8,304.7,1397,43.5,227,0,0,0,0,0,0
7350,L54529,L,294.7,303.2,1633,36.5,24,0,0,0,0,0,0
4211,L51390,L,297.1,303.8,1565,50.3,10,0,0,0,0,0,0
87,H29500,H,294.0,302.0,1436,43.9,20,0,0,0,0,0,0
1299,M16158,M,293.7,302.8,1343,53.6,134,0,0,0,0,0,0
312,M15171,M,293.0,301.6,1453,44.1,165,0,0,0,0,0,0
2372,L49551,L,289.3,294.5,1409,44.8,91,0,0,0,0,0,0
3534,L50713,L,297.0,304.0,1563,36.2,8,0,0,0,0,0,0
2450,L49629,L,294.3,301.8,1772,25.2,89,0,0,0,0,0,0
8992,M23851,M,292.3,301.0,1598,29.4,148,0,0,0,0,0,0
8391,M23250,M,288.8,295.8,1288,61.9,79,0,0,0,0,0,0
8648,L55827,L,292.5,301.5,1530,38.5,93,0,0,0,0,0,0
6935,L54114,L,295.8,304.4,1536,40.9,22,0,0,0,0,0,0
1822,L49001,L,293.1,300.6,1354,43.3,155,0,0,0,0,0,0
529,M15388,M,292.5,302.5,1553,52.4,58,0,0,0,0,0,0
3894,L51073,L,297.3,304.2,1549,40.6,66,0,0,0,0,0,0
4935,L52114,L,298.4,305.2,1580,35.8,90,0,0,0,0,0,0
1997,M16856,M,293.4,301.0,1416,38.2,198,1,1,0,0,0,0
783,L47962,L,291.8,300.9,1698,30.8,48,0,0,0,0,0,0
3907,L51086,L,297.3,304.2,1297,62.5,109,0,0,0,0,0,0
3561,L50740,L,291.8,296.7,1680,32.4,76,0,0,0,0,0,0
4511,L51690,L,292.4,296.2,1346,62.4,106,1,0,1,0,0,0
1769,M16628,M,293.3,300.8,1485,57.0,17,0,0,0,0,0,0
7490,M22349,M,295.2,304.6,1751,28.0,162,0,0,0,0,0,0
1030,M15889,M,291.2,300.3,1477,35.2,53,0,0,0,0,0,0
7761,M22620,M,290.4,297.7,1511,33.0,200,0,0,0,0,0,0
8190,L55369,L,294.7,304.0,1983,21.0,201,0,0,0,0,0,0
9777,M24636,M,293.6,302.6,1397,54.1,47,0,0,0,0,0,0
8783,L55962,L,292.5,301.7,1456,44.7,29,0,0,0,0,0,0
270,L47449,L,293.0,301.0,1524,37.0,49,0,0,0,0,0,0
4744,L51923,L,298.3,304.3,1409,66.8,20,0,0,0,0,0,0
8444,M23303,M,293.6,302.9,1668,32.3,6,0,0,0,0,0,0
9422,M24281,M,293.1,301.5,1382,54.5,17,0,0,0,0,0,0
3964,H33377,H,297.3,304.5,1526,38.2,47,0,0,0,0,0,0
2353,M17212,M,294.3,301.5,1422,45.4,37,0,0,0,0,0,0
4773,M19632,M,298.6,305.0,1435,37.9,98,0,0,0,0,0,0
7033,L54212,L,295.7,303.9,1723,31.0,73,0,0,0,0,0,0
26,L47205,L,294.0,302.5,1861,23.3,73,0,0,0,0,0,0
3290,M18149,M,296.2,303.1,1295,71.6,43,0,0,0,0,0,0
5781,L52960,L,296.7,304.2,1517,42.4,113,0,0,0,0,0,0
3942,L51121,L,297.2,304.4,1987,19.9,200,0,0,0,0,0,0
9350,M24209,M,293.2,301.7,1599,36.2,28,0,0,0,0,0,0
6826,L54005,L,296.0,303.9,1828,25.1,166,0,0,0,0,0,0
3069,H32482,H,295.0,302.0,1622,31.8,103,0,0,0,0,0,0
4672,L51851,L,298.3,304.4,1511,58.4,69,0,0,0,0,0,0
9462,M24321,M,293.4,302.2,1414,56.4,126,0,0,0,0,0,0
8577,L55756,L,292.6,301.3,1523,39.5,137,0,0,0,0,0,0
5909,M20768,M,295.8,303.3,1526,36.3,205,0,0,0,0,0,0
1109,L48288,L,291.6,300.4,1504,45.8,58,0,0,0,0,0,0
8619,L55798,L,292.7,301.7,1829,24.9,17,0,0,0,0,0,0
8915,M23774,M,292.3,301.5,1524,49.3,176,0,0,0,0,0,0
5292,L52471,L,293.8,299.3,1406,52.1,166,0,0,0,0,0,0
8317,L55496,L,293.8,302.8,1463,40.0,90,0,0,0,0,0,0
9080,H38493,H,292.3,301.1,1554,42.4,158,0,0,0,0,0,0
4324,L51503,L,296.8,303.3,1341,60.5,62,1,0,1,0,0,0
6398,M21257,M,295.0,302.6,1587,32.6,152,0,0,0,0,0,0
7703,M22562,M,295.7,304.7,1701,30.8,44,0,0,0,0,0,0
714,L47893,L,292.4,301.6,1439,46.4,114,0,0,0,0,0,0
4704,M19563,M,298.6,304.8,1432,57.5,154,0,0,0,0,0,0
6339,L53518,L,295.4,302.9,1681,28.6,206,0,0,0,0,0,0
6117,L53296,L,295.8,303.9,1453,43.9,84,0,0,0,0,0,0
4156,L51335,L,297.0,303.5,1370,44.4,85,1,0,1,0,0,0
267,H29680,H,293.0,301.1,1440,43.7,37,0,0,0,0,0,0
5851,L53030,L,296.3,304.1,1560,35.3,55,0,0,0,0,0,0
1107,L48286,L,291.7,300.6,1540,38.6,53,0,0,0,0,0,0
5650,M20509,M,297.5,304.9,1414,51.6,205,0,0,0,0,0,0
3951,L51130,L,297.3,304.4,1570,37.2,15,0,0,0,0,0,0
1293,M16152,M,293.7,302.7,1868,38.8,122,0,0,0,0,0,0
8227,L55406,L,289.1,296.5,1389,61.4,64,0,0,0,0,0,0
1699,L48878,L,292.9,300.6,1481,38.0,40,0,0,0,0,0,0
9534,L56713,L,294.2,303.5,1705,29.5,95,0,0,0,0,0,0
5448,L52627,L,298.1,305.8,1465,44.1,109,0,0,0,0,0,0
2186,L49365,L,294.8,302.4,1630,32.4,53,0,0,0,0,0,0
727,M15586,M,292.4,301.8,1628,37.4,144,0,0,0,0,0,0
8879,L56058,L,288.1,295.2,1802,26.9,83,0,0,0,0,0,0
8946,L56125,L,292.4,301.2,1639,33.8,39,0,0,0,0,0,0
6605,M21464,M,291.5,296.6,1573,37.4,37,0,0,0,0,0,0
1503,L48682,L,293.0,301.7,1462,63.2,208,0,0,0,0,0,0
278,H29691,H,288.0,294.0,1479,50.7,70,0,0,0,0,0,0
7404,L54583,L,294.8,303.8,1376,58.6,157,0,0,0,0,0,0
7841,L55020,L,295.2,304.6,1606,31.0,199,0,0,0,0,0,0
7034,M21893,M,295.7,303.8,1469,61.4,79,0,0,0,0,0,0
2987,L50166,L,295.6,302.8,1455,48.0,125,0,0,0,0,0,0
2210,L49389,L,294.8,302.3,1386,49.4,116,0,0,0,0,0,0
1034,H30447,H,291.4,300.5,1556,38.0,62,0,0,0,0,0,0
7499,M22358,M,295.2,304.8,1748,28.5,184,0,0,0,0,0,0
606,M15465,M,292.9,302.8,1693,29.9,35,0,0,0,0,0,0
4808,L51987,L,298.5,305.4,1503,36.5,191,0,0,0,0,0,0
3303,L50482,L,296.3,303.5,1503,48.6,72,0,0,0,0,0,0
718,L47897,L,292.4,301.7,1545,36.9,125,0,0,0,0,0,0
3269,M18128,M,296.3,303.1,1525,37.8,199,0,0,0,0,0,0
687,M15546,M,292.7,302.0,1504,40.4,35,0,0,0,0,0,0
5171,M20030,M,299.1,306.3,1480,38.4,72,0,0,0,0,0,0
5081,L52260,L,299.2,306.3,1410,51.6,47,0,0,0,0,0,0
8445,M23304,M,293.6,302.9,1818,24.9,9,0,0,0,0,0,0
6525,L53704,L,296.1,303.4,1874,24.8,47,0,0,0,0,0,0
8898,M23757,M,292.3,301.7,1577,35.6,133,0,0,0,0,0,0
7757,L54936,L,295.5,304.8,1368,57.9,191,1,0,0,0,1,0
4151,L51330,L,296.9,303.4,1610,34.8,71,0,0,0,0,0,0
600,H30013,H,292.7,302.7,1616,31.1,20,0,0,0,0,0,0
4156,L51335,L,297.0,303.5,1370,59.4,89,1,0,1,0,0,0
3132,L50311,L,295.1,302.5,1660,32.7,57,0,0,0,0,0,0
4688,L51867,L,298.5,304.6,2183,17.0,110,0,0,0,0,0,0
5849,L53028,L,296.4,304.3,2323,15.9,50,0,0,0,0,0,0
784,H30197,H,291.7,300.9,1579,33.4,50,0,0,0,0,0,0
1209,L48388,L,292.0,301.1,1489,59.1,100,0,0,0,0,0,0
5439,L52618,L,297.9,305.5,1683,32.1,85,0,0,0,0,0,0
4477,L51656,L,297.6,303.4,1415,52.1,12,0,0,0,0,0,0
2040,M16899,M,294.0,301.9,1449,39.6,105,0,0,0,0,0,0
6030,M20889,M,295.7,303.8,1452,47.9,77,0,0,0,0,0,0
7160,L54339,L,295.1,303.0,1511,41.7,186,0,0,0,0,0,0
6554,L53733,L,296.4,303.8,1389,52.7,125,0,0,0,0,0,0
7205,L54384,L,294.8,302.6,1526,41.7,85,0,0,0,0,0,0
6335,M21194,M,295.4,302.8,1725,30.4,195,0,0,0,0,0,0
5555,M20414,M,297.5,305.0,1521,40.2,174,0,0,0,0,0,0
3061,L50240,L,295.0,302.1,1882,23.8,84,0,0,0,0,0,0
8130,L55309,L,295.0,304.3,1520,39.2,43,0,0,0,0,0,0
8152,L55331,L,294.5,303.7,1472,40.9,104,0,0,0,0,0,0
8449,L55628,L,288.5,296.0,1492,41.2,19,0,0,0,0,0,0
8508,L55687,L,293.4,302.7,1518,39.8,165,0,0,0,0,0,0
4370,H33783,H,297.0,302.9,1735,27.2,192,0,0,0,0,0,0
1354,M16213,M,293.6,303.1,1444,48.1,39,0,0,0,0,0,0
6956,L54135,L,295.7,304.2,1399,47.9,80,0,0,0,0,0,0
4293,M19152,M,291.8,296.1,2372,13.9,205,1,0,0,1,0,0
8642,M23501,M,292.6,301.5,1360,58.6,75,0,0,0,0,0,0
9871,H39284,H,294.0,302.9,1884,25.6,100,0,0,0,0,0,0
2957,M17816,M,295.8,302.6,1404,38.7,44,0,0,0,0,0,0
8938,M23797,M,292.4,301.4,1340,52.6,15,0,0,0,0,0,0
4814,M19673,M,298.3,304.8,1536,40.6,205,0,0,0,0,0,0
5263,L52442,L,298.4,305.8,1449,43.9,94,0,0,0,0,0,0
4691,M19550,M,293.4,297.5,1483,43.0,117,0,0,0,0,0,0
1312,L48491,L,293.9,303.1,1587,30.2,162,0,0,0,0,0,0
5373,H34786,H,297.9,305.3,1509,46.8,175,0,0,0,0,0,0
8467,L55646,L,293.7,302.8,1469,53.4,66,0,0,0,0,0,0
4844,L52023,L,298.3,304.8,1842,24.5,67,0,0,0,0,0,0
5022,L52201,L,299.0,306.0,1350,61.1,88,0,0,0,0,0,0
839,H30252,H,291.6,300.4,1406,51.5,187,0,0,0,0,0,0
9874,L57053,L,293.9,302.8,1616,36.5,110,0,0,0,0,0,0
6982,H36395,H,295.8,304.2,1612,32.5,143,0,0,0,0,0,0
2731,L49910,L,294.6,302.2,1425,45.9,133,0,0,0,0,0,0
7273,L54452,L,295.2,303.3,1202,59.5,40,0,0,0,0,0,0
5760,L52939,L,296.8,304.3,1551,35.8,61,0,0,0,0,0,0
7326,L54505,L,294.9,303.4,1419,45.7,178,0,0,0,0,0,0
187,L47366,L,288.1,294.3,1301,56.0,63,0,0,0,0,0,0
5777,L52956,L,296.6,304.1,1325,49.2,104,0,0,0,0,0,0
8655,M23514,M,292.4,301.4,1441,56.8,114,0,0,0,0,0,0
7127,M21986,M,295.6,303.0,1542,33.9,100,0,0,0,0,0,0
4499,H33912,H,297.6,303.4,1614,36.0,74,0,0,0,0,0,0
4899,H34312,H,293.6,298.4,1460,53.7,214,0,0,0,0,0,0
940,L48119,L,290.5,299.1,1488,40.7,31,0,0,0,0,0,0
5052,L52231,L,293.9,299.0,1480,39.9,176,0,0,0,0,0,0
858,M15717,M,291.1,300.1,1350,68.3,26,0,0,0,0,0,0
6656,L53835,L,296.4,303.3,1639,32.7,171,0,0,0,0,0,0
5953,L53132,L,295.7,303.8,1563,33.8,104,0,0,0,0,0,0
8407,M23266,M,293.4,302.5,1344,45.3,122,0,0,0,0,0,0
1701,M16560,M,293.0,300.6,1844,33.8,42,0,0,0,0,0,0
9164,L56343,L,287.6,294.6,1415,47.3,169,0,0,0,0,0,0
2340,L49519,L,294.2,301.2,1466,41.3,8,0,0,0,0,0,0
9955,M24814,M,293.1,300.9,1446,42.8,121,0,0,0,0,0,0
582,L47761,L,292.8,302.7,1394,52.9,204,0,0,0,0,0,0
571,L47750,L,292.7,302.7,1498,41.0,176,0,0,0,0,0,0
3057,L50236,L,290.2,295.2,1667,29.9,75,0,0,0,0,0,0
1102,H30515,H,291.7,300.5,1607,33.6,38,0,0,0,0,0,0
3867,L51046,L,297.6,304.6,1311,53.2,0,0,0,0,0,0,0
783,L47962,L,291.8,300.9,1698,45.8,52,0,0,0,0,0,0
6002,M20861,M,295.4,303.2,1380,47.3,5,0,0,0,0,0,0
5934,L53113,L,295.5,303.5,1373,47.4,56,0,0,0,0,0,0
6273,M21132,M,296.1,303.6,1429,52.7,35,0,0,0,0,0,0
9294,L56473,L,293.3,302.1,1437,38.0,93,0,0,0,0,0,0
531,M15390,M,292.6,302.5,1709,32.2,65,0,0,0,0,0,0
9914,L57093,L,293.5,301.8,1589,30.6,11,0,0,0,0,0,0
2514,L49693,L,294.0,301.7,1583,32.5,25,0,0,0,0,0,0
7372,L54551,L,294.6,303.2,1512,44.0,79,0,0,0,0,0,0
6078,L53257,L,295.9,303.7,1479,43.3,201,0,0,0,0,0,0
6096,M20955,M,295.9,303.7,1452,47.3,25,0,0,0,0,0,0
7274,M22133,M,295.2,303.3,1704,29.2,42,0,0,0,0,0,0
1260,M16119,M,292.5,301.9,1280,48.5,19,0,0,0,0,0,0
9404,L56583,L,292.7,301.1,1697,29.1,179,0,0,0,0,0,0
2256,L49435,L,294.1,301.3,1559,33.7,30,0,0,0,0,0,0
8675,M23534,M,292.4,301.6,1528,29.1,163,0,0,0,0,0,0
6013,H35426,H,295.8,303.9,1425,44.0,33,0,0,0,0,0,0
6522,L53701,L,296.1,303.1,1666,27.2,40,0,0,0,0,0,0
5151,L52330,L,299.3,306.5,1590,29.8,17,0,0,0,0,0,0
3061,L50240,L,295.0,302.1,1882,38.8,88,0,0,0,0,0,0
4567,L51746,L,297.8,303.8,1402,50.5,30,0,0,0,0,0,0
4090,M18949,M,296.9,303.5,1590,40.3,130,0,0,0,0,0,0
6725,L53904,L,291.3,296.6,1560,36.8,113,0,0,0,0,0,0
425,L47604,L,292.3,301.4,1430,45.7,15,0,0,0,0,0,0
3049,L50228,L,295.2,302.3,1532,43.2,53,0,0,0,0,0,0
8177,L55356,L,294.8,304.2,1564,40.0,172,0,0,0,0,0,0
8483,L55662,L,293.4,302.5,1520,38.1,106,0,0,0,0,0,0
6341,H35754,H,295.5,302.9,1397,45.9,210,1,1,0,0,0,0
4405,M19264,M,297.4,303.2,1485,55.9,48,0,0,0,0,0,0
1930,M16789,M,293.0,300.8,1483,50.9,26,0,0,0,0,0,0
4289,M19148,M,296.7,303.0,1391,50.6,195,0,0,0,0,0,0
4265,M19124,M,297.6,304.0,1542,39.7,141,0,0,0,0,0,0
7312,H36725,H,295.0,303.5,1558,36.7,137,0,0,0,0,0,0
3516,M18375,M,296.9,304.1,1605,40.0,179,0,0,0,0,0,0
7530,L54709,L,295.1,304.4,1467,50.7,49,0,0,0,0,0,0
4679,H34092,H,298.6,304.7,1476,40.1,85,0,0,0,0,0,0
8048,L55227,L,295.6,304.9,1463,38.2,41,0,0,0,0,0,0
3280,L50459,L,296.2,302.9,1382,52.4,13,0,0,0,0,0,0
2010,M16869,M,293.6,301.3,1717,28.7,29,0,0,0,0,0,0
1500,M16359,M,293.1,301.8,2206,26.3,193,0,0,0,0,0,0
3081,M17940,M,289.9,295.2,1539,43.2,132,0,0,0,0,0,0
7407,L54586,L,294.8,303.9,1545,40.7,166,0,0,0,0,0,0
2829,M17688,M,295.4,302.4,1875,23.9,155,0,0,0,0,0,0
7293,M22152,M,295.1,303.4,1556,38.1,92,0,0,0,0,0,0
1439,L48618,L,293.8,302.9,1482,39.1,45,0,0,0,0,0,0
5237,L52416,L,298.8,306.1,1394,45.4,36,0,0,0,0,0,0
5693,M20552,M,297.4,304.9,1313,55.7,102,0,0,0,0,0,0
1064,M15923,M,291.8,300.8,1664,32.8,142,0,0,0,0,0,0
9012,M23871,M,292.2,300.9,1530,35.9,197,0,0,0,0,0,0
8883,L56062,L,293.0,302.2,1378,49.7,94,0,0,0,0,0,0
4758,L51937,L,298.4,304.6,1497,42.8,58,0,0,0,0,0,0
4915,M19774,M,298.5,305.3,1532,41.7,32,0,0,0,0,0,0
2581,L49760,L,294.3,302.1,1293,53.7,189,0,0,0,0,0,0
5402,M20261,M,297.6,305.3,1454,69.8,257,1,1,0,0,1,0
2853,M17712,M,295.5,302.4,1347,50.1,213,0,0,0,0,0,0
5923,L53102,L,295.5,303.3,1435,43.3,31,0,0,0,0,0,0
8336,M23195,M,294.0,302.8,2240,15.9,144,0,0,0,0,0,0
936,M15795,M,290.5,299.0,1641,46.6,19,0,0,0,0,0,0
1942,L49121,L,293.1,300.9,1425,68.2,55,0,0,0,0,0,0
3293,L50472,L,296.3,303.3,1400,44.3,47,0,0,0,0,0,0
2276,L49455,L,294.3,301.6,1605,37.0,78,0,0,0,0,0,0
5987,L53166,L,295.6,303.7,1440,62.5,198,0,0,0,0,0,0
8095,H37508,H,295.2,304.6,1662,28.8,162,0,0,0,0,0,0
6790,M21649,M,291.1,296.5,1646,30.7,76,0,0,0,0,0,0
7344,L54523,L,294.6,303.2,1468,58.0,7,0,0,0,0,0,0
9078,L56257,L,292.3,301.1,1762,26.1,154,0,0,0,0,0,0
9377,H38790,H,292.7,301.4,1738,27.7,96,0,0,0,0,0,0
6045,M20904,M,295.8,303.9,1522,41.7,115,0,0,0,0,0,0
8636,L55815,L,292.4,301.3,1704,37.3,63,0,0,0,0,0,0
7756,M22615,M,295.4,304.8,1362,57.6,186,0,0,0,0,0,0
2127,L49306,L,294.3,302.0,1449,46.5,121,0,0,0,0,0,0
154,L47333,L,293.4,301.2,1850,42.0,198,0,0,0,0,0,0
1413,M16272,M,293.8,302.9,1415,53.2,194,0,0,0,0,0,0
1078,L48257,L,291.8,300.6,1547,36.5,179,0,0,0,0,0,0
7059,L54238,L,295.7,303.6,1520,55.9,144,0,0,0,0,0,0
7547,H36960,H,290.2,297.5,1454,42.8,88,0,0,0,0,0,0
7843,L55022,L,295.1,304.5,1659,31.1,203,0,0,0,0,0,0
8613,L55792,L,292.5,301.4,1441,44.5,4,0,0,0,0,0,0
9066,H38479,H,287.2,294.4,2182,17.3,119,0,0,0,0,0,0
6709,M21568,M,296.4,303.6,1464,37.4,74,0,0,0,0,0,0
9420,L56599,L,293.0,301.4,1911,22.0,13,0,0,0,0,0,0
1209,L48388,L,292.0,301.1,1489,44.1,96,0,0,0,0,0,0
2054,L49233,L,294.5,302.3,1382,61.0,140,0,0,0,0,0,0
5195,M20054,M,298.9,306.1,1668,34.4,137,0,0,0,0,0,0
1375,L48554,L,293.8,303.3,1553,51.8,101,0,0,0,0,0,0
2339,L49518,L,289.3,294.3,1651,28.0,6,0,0,0,0,0,0
7373,L54552,L,294.6,303.2,1473,42.7,81,0,0,0,0,0,0
7633,L54812,L,295.5,304.6,1744,26.8,94,0,0,0,0,0,0
8477,L55656,L,293.5,302.6,1585,32.2,89,0,0,0,0,0,0
5645,L52824,L,297.5,305.0,1383,51.3,190,0,0,0,0,0,0
2103,L49282,L,294.3,302.3,1325,62.0,47,0,0,0,0,0,0
9033,L56212,L,292.4,301.3,1723,28.8,33,0,0,0,0,0,0
4847,M19706,M,298.3,304.8,1548,48.5,79,0,0,0,0,0,0
9631,L56810,L,294.0,303.1,1583,35.8,142,0,0,0,0,0,0
2982,H32395,H,295.4,302.4,1530,40.4,112,0,0,0,0,0,0
2115,H31528,H,294.4,302.1,1373,44.1,81,0,0,0,0,0,0
7089,M21948,M,295.6,303.3,1614,32.7,0,0,0,0,0,0,0
5724,M20583,M,297.3,304.8,1475,58.0,178,0,0,0,0,0,0
908,M15767,M,290.6,299.1,1669,29.0,161,0,0,0,0,0,0
2035,M16894,M,293.8,301.5,1425,47.4,90,0,0,0,0,0,0
8489,L55668,L,293.4,302.4,1385,43.2,119,0,0,0,0,0,0
2508,H31921,H,294.2,302.1,1410,47.1,9,0,0,0,0,0,0
4891,L52070,L,293.7,298.4,1525,43.9,188,0,0,0,0,0,0
4238,L51417,L,297.2,304.0,1832,33.2,68,0,0,0,0,0,0
2654,L49833,L,294.9,302.5,1779,26.1,169,0,0,0,0,0,0
5287,L52466,L,298.8,306.1,1422,42.4,152,0,0,0,0,0,0
3695,M18554,M,297.1,304.3,1511,45.0,204,0,0,0,0,0,0
5670,M20529,M,297.2,304.5,1479,39.5,36,0,0,0,0,0,0
8502,L55681,L,293.4,302.7,1581,34.6,150,0,0,0,0,0,0
4654,M19513,M,298.1,304.1,1594,35.5,13,0,0,0,0,0,0
1293,M16152,M,293.7,302.7,1868,23.8,118,0,0,0,0,0,0
4106,L51285,L,297.0,303.6,1583,35.2,171,0,0,0,0,0,0
3217,L50396,L,295.5,302.5,1653,27.6,62,0,0,0,0,0,0
921,M15780,M,290.5,298.9,1518,59.1,198,0,0,0,0,0,0
1970,H31383,H,287.8,293.5,1631,31.3,124,0,0,0,0,0,0
4497,M19356,M,297.5,303.4,1605,36.0,69,0,0,0,0,0,0
2051,M16910,M,294.5,302.3,1675,29.2,132,0,0,0,0,0,0
2467,L49646,L,289.0,294.6,1429,37.7,126,0,0,0,0,0,0
5344,L52523,L,293.5,298.8,1607,38.4,92,0,0,0,0,0,0
9936,L57115,L,293.4,301.3,1452,63.5,77,0,0,0,0,0,0
8741,M23600,M,292.4,301.8,1573,33.9,123,0,0,0,0,0,0
2272,L49451,L,294.2,301.5,1821,36.1,67,0,0,0,0,0,0
8235,L55414,L,294.2,303.6,1534,39.7,83,0,0,0,0,0,0
6025,L53204,L,295.7,303.9,1356,75.3,64,1,0,0,1,0,0
2763,L49942,L,294.8,302.2,1479,44.4,214,0,0,0,0,0,0
9697,L56876,L,293.9,302.9,1404,39.8,62,0,0,0,0,0,0
9514,M24373,M,294.0,303.2,1598,33.4,44,0,0,0,0,0,0
2527,L49706,L,293.8,301.6,1501,35.0,55,0,0,0,0,0,0
2805,L49984,L,295.1,302.5,1450,40.1,100,0,0,0,0,0,0
6816,L53995,L,295.9,303.7,1427,59.1,145,0,0,0,0,0,0
9915,L57094,L,293.5,301.8,1670,29.6,13,0,0,0,0,0,0
5532,M20391,M,297.3,304.7,1504,37.3,107,0,0,0,0,0,0
9235,L56414,L,293.3,302.1,1904,20.3,140,0,0,0,0,0,0
675,L47854,L,292.8,302.0,1456,41.2,0,0,0,0,0,0,0
465,L47644,L,292.3,301.6,1511,35.7,120,0,0,0,0,0,0
2496,M17355,M,289.1,294.8,1491,41.0,209,0,0,0,0,0,0
2946,H32359,H,290.7,295.6,1925,20.5,9,0,0,0,0,0,0
9656,H39069,H,294.1,303.0,1431,64.5,209,0,0,0,0,0,0
9450,M24309,M,293.1,301.8,1434,41.8,93,0,0,0,0,0,0
4337,H33750,H,296.6,302.9,1423,53.6,95,0,0,0,0,0,0
3454,L50633,L,296.5,303.4,1425,54.4,7,0,0,0,0,0,0
9374,L56553,L,292.7,301.5,1453,45.5,86,0,0,0,0,0,0
319,L47498,L,292.8,301.4,1512,54.9,185,0,0,0,0,0,0
5887,L53066,L,291.4,297.1,1494,41.9,142,0,0,0,0,0,0
8640,L55819,L,292.5,301.4,1384,71.0,77,0,0,0,0,0,0
497,M15356,M,292.5,302.2,1530,40.0,206,0,0,0,0,0,0
8160,H37573,H,294.6,303.9,1679,31.2,120,0,0,0,0,0,0
4478,L51657,L,297.6,303.3,1647,49.2,18,0,0,0,0,0,0
1746,L48925,L,293.5,301.0,1624,39.8,158,0,0,0,0,0,0
4746,H34159,H,298.2,304.2,1475,43.1,20,0,0,0,0,0,0
855,M15714,M,291.3,300.3,1498,56.6,19,0,0,0,0,0,0
9732,L56911,L,288.8,296.0,1389,49.6,149,0,0,0,0,0,0
7913,L55092,L,295.7,305.1,1498,44.0,155,0,0,0,0,0,0
1938,L49117,L,293.2,301.0,1411,52.4,46,0,0,0,0,0,0
8066,M22925,M,295.5,304.9,1670,36.3,87,0,0,0,0,0,0
4874,M19733,M,298.7,305.4,1474,38.8,139,0,0,0,0,0,0
8582,M23441,M,287.5,294.0,1429,45.8,148,0,0,0,0,0,0
1196,M16055,M,292.0,301.0,1408,47.9,54,0,0,0,0,0,0
982,L48161,L,291.2,299.8,1655,31.1,136,0,0,0,0,0,0
2590,L49769,L,294.0,301.7,2250,16.6,208,0,0,0,0,0,0
7203,L54382,L,295.0,302.7,1326,61.9,80,0,0,0,0,0,0
6810,L53989,L,295.9,303.8,1490,38.1,125,0,0,0,0,0,0
3089,M17948,M,295.0,302.1,1624,40.8,153,0,0,0,0,0,0
7610,L54789,L,295.5,304.3,1490,41.8,39,0,0,0,0,0,0
3343,L50522,L,296.5,303.8,1382,52.4,165,0,0,0,0,0,0
5741,M20600,M,297.3,304.7,1535,48.3,3,0,0,0,0,0,0
9112,L56291,L,292.6,301.6,1351,61.0,35,0,0,0,0,0,0
2354,L49533,L,294.2,301.4,1841,22.8,40,0,0,0,0,0,0
5122,L52301,L,299.2,306.6,1469,40.0,154,0,0,0,0,0,0
5232,L52411,L,298.8,306.1,1458,42.2,25,0,0,0,0,0,0
5659,M20518,M,297.2,304.4,1372,55.1,9,0,0,0,0,0,0
1475,M16334,M,288.5,295.5,1366,61.9,130,0,0,0,0,0,0
2143,L49322,L,294.3,301.9,1376,60.3,163,0,0,0,0,0,0
5129,L52308,L,294.2,299.4,1434,42.5,175,0,0,0,0,0,0
8438,L55617,L,293.7,302.8,1181,65.9,203,1,0,0,0,1,0
2527,L49706,L,293.8,301.6,1501,50.0,59,0,0,0,0,0,0
1740,H31153,H,293.5,300.9,1260,54.2,141,0,0,0,0,0,0
5229,M20088,M,298.9,306.1,1343,61.4,14,0,0,0,0,0,0
3961,L51140,L,297.2,304.4,1390,48.1,40,0,0,0,0,0,0
7643,M22502,M,295.4,304.4,1604,31.7,119,0,0,0,0,0,0
2008,L49187,L,293.6,301.4,1562,34.4,25,0,0,0,0,0,0
4383,L51562,L,296.8,302.5,1525,39.6,227,0,0,0,0,0,0
7367,H36780,H,294.6,303.1,1531,36.8,62,0,0,0,0,0,0
66,L47245,L,294.0,302.1,1394,55.1,177,0,0,0,0,0,0
2309,L49488,L,294.1,301.5,1371,55.5,159,0,0,0,0,0,0
1587,M16446,M,293.3,301.4,1486,44.2,196,0,0,0,0,0,0
830,L48009,L,291.5,300.3,1579,34.5,166,0,0,0,0,0,0
4755,M19614,M,298.3,304.5,1384,54.8,48,0,0,0,0,0,0
6294,H35707,H,296.0,303.4,1512,44.9,86,0,0,0,0,0,0
7895,M22754,M,295.8,305.6,1588,50.6,118,0,0,0,0,0,0
6851,M21710,M,296.0,304.2,1521,35.8,13,0,0,0,0,0,0
4068,L51247,L,296.9,303.7,1429,51.0,76,0,0,0,0,0,0
2617,L49796,L,294.4,302.1,1207,66.5,66,0,0,0,0,0,0
5365,L52544,L,298.2,305.6,1601,35.3,148,0,0,0,0,0,0
9465,L56644,L,293.6,302.4,1440,48.2,136,0,0,0,0,0,0
5124,M19983,M,299.2,306.5,1532,41.3,161,0,0,0,0,0,0
3111,H32524,H,294.9,302.2,1525,33.2,0,0,0,0,0,0,0
2611,H32024,H,294.4,302.1,1547,40.9,50,0,0,0,0,0,0
8164,L55343,L,294.7,304.1,1574,36.4,135,0,0,0,0,0,0
8434,M23293,M,293.8,303.1,1501,48.7,192,0,0,0,0,0,0
7649,L54828,L,295.4,304.4,1552,28.8,135,0,0,0,0,0,0
8172,H37585,H,295.0,304.4,1641,34.5,155,0,0,0,0,0,0
5056,H34469,H,298.8,305.9,1378,45.6,184,0,0,0,0,0,0
8149,M23008,M,294.5,303.7,1488,39.5,95,0,0,0,0,0,0
380,L47559,L,292.3,301.2,1754,26.8,125,0,0,0,0,0,0
1476,M16335,M,293.4,302.5,1519,35.4,133,0,0,0,0,0,0
6443,L53622,L,295.7,303.2,1348,54.8,50,0,0,0,0,0,0
8282,H37695,H,293.9,303.6,1519,38.8,213,0,0,0,0,0,0
8513,H37926,H,293.3,302.6,1546,46.2,175,0,0,0,0,0,0
3945,L51124,L,297.2,304.2,1381,49.4,207,0,0,0,0,0,0
6570,M21429,M,291.4,296.7,1375,42.0,168,0,0,0,0,0,0
9558,M24417,M,294.5,303.8,1507,40.2,156,0,0,0,0,0,0
5782,M20641,M,296.7,304.1,1618,36.7,115,0,0,0,0,0,0
798,L47977,L,291.8,300.7,1565,40.1,89,0,0,0,0,0,0
9102,H38515,H,287.3,294.2,1653,31.4,9,0,0,0,0,0,0
4610,L51789,L,298.0,304.2,1456,44.0,142,0,0,0,0,0,0
8109,M22968,M,295.3,304.8,1607,33.7,199,0,0,0,0,0,0
9790,L56969,L,293.6,302.6,1715,28.4,90,0,0,0,0,0,0
7711,M22570,M,295.5,304.4,1390,51.9,68,0,0,0,0,0,0
6772,M21631,M,296.2,303.7,1962,32.5,26,0,0,0,0,0,0
8794,L55973,L,292.4,301.5,1782,25.9,54,0,0,0,0,0,0
134,M14993,M,293.7,301.4,1430,49.6,135,0,0,0,0,0,0
1762,L48941,L,293.1,300.6,1950,20.3,202,0,0,0,0,0,0
7061,H36474,H,295.6,303.4,1479,35.6,150,0,0,0,0,0,0
2195,M17054,M,294.6,301.9,1568,35.3,77,0,0,0,0,0,0
8460,L55639,L,293.7,302.9,1651,39.5,40,0,0,0,0,0,0
1542,L48721,L,288.4,295.0,2304,15.1,89,0,0,0,0,0,0
6607,H36020,H,296.5,303.5,1538,44.3,43,0,0,0,0,0,0
5996,L53175,L,295.6,303.3,1920,22.3,223,0,0,0,0,0,0
742,L47921,L,291.9,301.3,1513,38.8,189,0,0,0,0,0,0
6564,L53743,L,296.5,303.7,1942,20.5,155,0,0,0,0,0,0
839,H30252,H,291.6,300.4,1406,41.5,189,0,0,0,0,0,0
9344,M24203,M,293.3,301.8,1391,50.4,13,0,0,0,0,0,0
9205,L56384,L,292.8,301.8,1621,36.1,68,0,0,0,0,0,0
3190,L50369,L,295.1,302.1,1551,33.7,214,0,0,0,0,0,0
5940,L53119,L,295.5,303.5,1409,60.9,73,0,0,0,0,0,0
4242,L51421,L,297.4,304.0,1475,57.9,77,0,0,0,0,0,0
9269,L56448,L,288.2,294.8,1666,31.5,30,0,0,0,0,0,0
3592,M18451,M,296.7,303.5,1458,51.4,151,0,0,0,0,0,0
6330,M21189,M,295.7,303.0,1641,34.6,178,0,0,0,0,0,0
8262,H37675,H,294.2,303.6,1434,48.4,153,0,0,0,0,0,0
7379,L54558,L,294.5,303.0,1388,52.4,94,0,0,0,0,0,0
9009,M23868,M,292.4,301.0,1440,42.4,190,0,0,0,0,0,0
4583,L51762,L,297.9,304.2,1634,36.9,71,0,0,0,0,0,0
9967,L57146,L,288.3,293.9,1507,41.2,149,0,0,0,0,0,0
9477,M24336,M,293.8,302.6,1692,46.9,171,0,0,0,0,0,0
1947,L49126,L,293.2,301.1,1622,34.9,67,0,0,0,0,0,0
2109,H31522,H,294.4,302.0,1415,51.7,62,0,0,0,0,0,0
4308,L51487,L,296.4,302.9,1259,73.9,18,1,0,1,0,0,0
6454,L53633,L,295.7,303.2,1807,24.2,77,0,0,0,0,0,0
6115,M20974,M,295.8,303.8,1549,35.5,79,0,0,0,0,0,0
5556,L52735,L,297.5,305.0,1411,44.2,177,0,0,0,0,0,0
9140,L56319,L,292.5,301.5,1536,36.9,108,0,0,0,0,0,0
5991,M20850,M,295.7,303.7,1343,51.6,211,0,0,0,0,0,0
2364,L49543,L,294.3,301.5,1510,45.4,72,0,0,0,0,0,0
3262,H32675,H,296.3,303.1,1469,39.7,179,0,0,0,0,0,0
8159,L55338,L,294.6,303.8,1400,55.8,122,0,0,0,0,0,0
8342,L55521,L,293.8,302.7,1751,29.6,160,0,0,0,0,0,0
6577,L53756,L,296.5,303.5,1644,34.9,186,0,0,0,0,0,0
8194,L55373,L,294.5,303.8,1873,22.3,211,0,0,0,0,0,0
2955,H32368,H,290.6,295.4,1691,28.0,36,0,0,0,0,0,0
284,L47463,L,293.2,301.2,1469,53.0,86,0,0,0,0,0,0
638,L47817,L,293.2,302.7,1585,37.4,118,0,0,0,0,0,0
2246,M17105,M,294.3,301.4,1438,42.3,0,0,0,0,0,0,0
7285,M22144,M,290.1,296.3,1345,57.1,71,0,0,0,0,0,0
7762,H37175,H,295.4,304.6,1715,30.8,203,0,0,0,0,0,0
8509,M23368,M,293.4,302.7,1679,33.3,167,0,0,0,0,0,0
7488,L54667,L,295.3,304.7,1707,33.6,158,0,0,0,0,0,0
2441,L49620,L,294.1,301.4,1426,47.9,67,0,0,0,0,0,0
3740,M18599,M,297.2,304.2,1663,39.6,113,0,0,0,0,0,0
8447,L55626,L,293.5,302.9,1482,42.1,15,0,0,0,0,0,0
5797,L52976,L,291.7,297.1,1399,55.1,156,0,0,0,0,0,0
5374,M20233,M,297.9,305.3,1809,25.0,180,0,0,0,0,0,0
6249,L53428,L,295.8,303.1,1405,76.2,193,1,0,0,1,1,0
5219,L52398,L,298.8,305.9,1589,37.2,203,0,0,0,0,0,0
732,M15591,M,292.3,301.6,1431,63.0,158,0,0,0,0,0,0
6439,L53618,L,295.4,303.0,1581,30.3,42,0,0,0,0,0,0
4296,L51475,L,296.8,303.2,1457,55.4,217,0,0,0,0,0,0
4903,L52082,L,298.6,305.3,1616,29.3,226,0,0,0,0,0,0
9728,L56907,L,293.8,302.8,1461,39.4,141,0,0,0,0,0,0
857,L48036,L,291.1,300.1,1898,32.7,18,0,0,0,0,0,0
8312,M23171,M,293.8,303.0,1295,52.7,74,0,0,0,0,0,0
8352,M23211,M,293.7,302.6,1686,26.2,189,0,0,0,0,0,0
8722,L55901,L,292.2,301.7,1669,30.7,72,0,0,0,0,0,0
8026,M22885,M,295.8,305.0,1422,50.7,219,0,0,0,0,0,0
9223,M24082,M,292.9,302.0,1525,38.5,113,0,0,0,0,0,0
4912,L52091,L,298.5,305.3,1681,29.8,25,0,0,0,0,0,0
7781,L54960,L,295.4,304.6,1815,23.5,49,0,0,0,0,0,0
273,L47452,L,293.1,301.1,1484,40.4,59,0,0,0,0,0,0
6036,M20895,M,295.6,303.9,1702,30.3,91,0,0,0,0,0,0
5428,L52607,L,297.7,305.4,1423,51.9,60,0,0,0,0,0,0
1796,M16655,M,293.1,300.7,1498,38.3,81,0,0,0,0,0,0
6825,L54004,L,295.9,303.7,1740,25.3,164,0,0,0,0,0,0
9564,M24423,M,294.8,304.1,1763,25.5,171,0,0,0,0,0,0
5041,H34454,H,299.1,306.2,1586,34.6,139,0,0,0,0,0,0
4476,L51655,L,297.7,303.5,1351,56.8,14,1,0,1,0,0,0
1070,M15929,M,291.9,300.8,1840,34.6,155,0,0,0,0,0,0
9780,L56959,L,293.8,302.8,1509,36.2,57,0,0,0,0,0,0
7776,L54955,L,295.3,304.5,1663,33.6,38,0,0,0,0,0,0
4351,M19210,M,296.9,302.7,1568,37.5,135,0,0,0,0,0,0
9478,M24337,M,293.8,302.6,1693,33.3,170,0,0,0,0,0,0
9464,M24323,M,293.5,302.3,1552,36.8,133,0,0,0,0,0,0
780,L47959,L,291.8,301.0,1666,39.8,39,0,0,0,0,0,0
8324,H37737,H,293.7,302.5,1453,50.4,106,0,0,0,0,0,0
331,M15190,M,292.6,301.4,1398,51.9,213,0,0,0,0,0,0
7872,L55051,L,295.6,305.2,1308,54.7,52,0,0,0,0,0,0
2794,L49973,L,295.3,302.6,1597,31.8,73,0,0,0,0,0,0
8590,M23449,M,292.3,300.8,1538,48.0,171,0,0,0,0,0,0
6948,M21807,M,295.7,304.3,1562,52.1,62,0,0,0,0,0,0
4442,L51621,L,292.5,296.2,1329,50.6,148,1,0,1,0,0,0
7849,H37262,H,290.2,297.6,1547,37.7,217,0,0,0,0,0,0
2422,L49601,L,293.9,301.2,2384,15.0,19,0,0,0,0,0,0
3969,M18828,M,297.3,304.4,1418,41.3,62,0,0,0,0,0,0
518,M15377,M,292.5,302.4,1391,58.2,34,0,0,0,0,0,0
9381,L56560,L,292.4,301.1,1435,45.7,110,0,0,0,0,0,0
1801,M16660,M,293.0,300.5,1524,36.3,98,0,0,0,0,0,0
3126,L50305,L,295.1,302.4,1694,27.4,44,0,0,0,0,0,0
311,H29724,H,293.0,301.6,1526,41.8,160,0,0,0,0,0,0
7226,M22085,M,294.8,302.7,1910,21.8,141,0,0,0,0,0,0
3505,M18364,M,296.7,303.8,1524,51.3,145,0,0,0,0,0,0
6862,H36275,H,296.1,304.3,2207,16.6,43,0,0,0,0,0,0
2482,L49661,L,294.0,301.6,1378,47.8,163,0,0,0,0,0,0
6766,L53945,L,296.5,303.9,1580,32.3,11,0,0,0,0,0,0
3341,M18200,M,296.5,303.8,1452,44.1,157,0,0,0,0,0,0
6724,M21583,M,296.4,303.6,1565,36.1,110,0,0,0,0,0,0
6075,M20934,M,291.0,296.8,1533,39.3,194,0,0,0,0,0,0
3946,L51125,L,297.2,304.3,1570,51.1,4,0,0,0,0,0,0
7727,M22586,M,295.8,304.9,1761,29.0,113,0,0,0,0,0,0
1371,L48550,L,293.7,303.3,1451,50.0,84,0,0,0,0,0,0
2263,L49442,L,294.1,301.3,1533,42.4,48,0,0,0,0,0,0
8499,L55678,L,293.4,302.6,1479,37.8,144,0,0,0,0,0,0
3398,L50577,L,296.4,303.6,1648,30.7,90,0,0,0,0,0,0
5625,M20484,M,297.8,305.2,1469,46.9,141,0,0,0,0,0,0
2826,L50005,L,295.3,302.4,1470,43.5,146,0,0,0,0,0,0
7838,L55017,L,295.2,304.5,1685,31.0,193,0,0,0,0,0,0
8610,L55789,L,292.4,301.3,1475,40.5,222,1,1,0,0,0,0
6174,L53353,L,295.8,303.7,1633,27.8,0,0,0,0,0,0,0
5141,M20000,M,299.3,306.6,1585,32.1,202,0,0,0,0,0,0
2838,L50017,L,295.3,302.1,1699,30.3,178,0,0,0,0,0,0
7532,H36945,H,295.1,304.4,1377,56.7,50,0,0,0,0,0,0
8735,L55914,L,292.2,301.6,1392,41.5,108,0,0,0,0,0,0
5609,M20468,M,298.1,305.3,1623,31.6,101,0,0,0,0,0,0
8951,L56130,L,292.4,301.2,1419,50.0,52,0,0,0,0,0,0
2004,M16863,M,293.5,301.2,1564,47.5,13,0,0,0,0,0,0
4332,M19191,M,296.6,302.9,1746,31.1,83,0,0,0,0,0,0
3182,L50361,L,290.2,295.4,1527,37.0,194,0,0,0,0,0,0
7933,L55112,L,295.7,304.8,1478,41.9,207,0,0,0,0,0,0
6834,L54013,L,296.1,304.1,1387,63.1,186,0,0,0,0,0,0
4039,L51218,L,297.0,303.9,1546,34.4,7,0,0,0,0,0,0
4572,L51751,L,297.8,303.9,1708,29.8,42,0,0,0,0,0,0
1456,L48635,L,289.0,296.4,1382,53.0,89,0,0,0,0,0,0
4891,L52070,L,298.7,305.4,1525,43.9,188,0,0,0,0,0,0
3685,L50864,L,297.0,304.2,1270,65.3,182,1,0,0,0,1,0
4877,M19736,M,298.7,305.4,1540,37.4,146,0,0,0,0,0,0
4736,L51915,L,298.2,304.5,1544,42.5,227,0,0,0,0,0,0
3397,M18256,M,296.4,303.6,1459,35.0,87,0,0,0,0,0,0
8012,L55191,L,295.8,304.8,1427,43.3,180,0,0,0,0,0,0
5693,M20552,M,297.4,304.9,1313,70.7,106,0,0,0,0,0,0
7862,L55041,L,295.5,305.0,1498,42.9,25,0,0,0,0,0,0
5715,L52894,L,297.2,304.8,1618,36.0,158,0,0,0,0,0,0
9184,L56363,L,292.9,302.1,1543,36.6,20,0,0,0,0,0,0
4481,H33894,H,297.7,303.4,1305,55.2,20,1,0,1,0,0,0
4716,L51895,L,298.4,304.7,1476,42.3,180,0,0,0,0,0,0
8402,H37815,H,293.5,302.4,1671,46.8,112,0,0,0,0,0,0
9396,L56575,L,292.7,301.2,1500,39.9,158,0,0,0,0,0,0
8900,M23759,M,292.3,301.5,1710,27.7,138,0,0,0,0,0,0
6221,L53400,L,296.1,303.8,1470,49.3,116,0,0,0,0,0,0
7157,M22016,M,290.2,296.0,1664,30.7,179,0,0,0,0,0,0
78,L47257,L,288.8,294.9,1455,41.3,208,1,1,0,0,0,0
3017,L50196,L,295.5,302.8,1441,58.8,198,0,0,0,0,0,0
4759,L51938,L,298.5,304.6,1465,48.7,60,0,0,0,0,0,0
690,H30103,H,292.6,302.0,1354,55.6,46,0,0,0,0,0,0
4205,M19064,M,292.3,296.9,1523,43.2,210,0,0,0,0,0,0
1295,L48474,L,293.8,302.9,1486,40.3,126,0,0,0,0,0,0
5675,M20534,M,297.2,304.7,1393,42.5,53,0,0,0,0,0,0
7248,M22107,M,295.0,303.1,1314,53.5,199,0,0,0,0,0,0
4202,L51381,L,297.4,304.0,2211,15.4,203,0,0,0,0,0,0
7850,M22709,M,295.3,304.7,1374,47.9,222,1,1,0,0,0,0
9304,L56483,L,293.2,302.0,1491,48.3,119,0,0,0,0,0,0
3311,L50490,L,296.3,303.4,1346,46.7,90,0,0,0,0,0,0
9837,M24696,M,288.4,295.3,1390,53.6,5,0,0,0,0,0,0
4443,L51622,L,297.5,303.2,1563,34.8,150,0,0,0,0,0,0
9209,L56388,L,293.0,301.9,1406,40.9,77,0,0,0,0,0,0
4451,L51630,L,297.5,303.3,1551,37.3,168,0,0,0,0,0,0
2250,L49429,L,294.2,301.5,1442,46.5,11,0,0,0,0,0,0
1790,L48969,L,293.2,300.9,1313,67.3,67,1,0,0,1,0,0
1234,M16093,M,292.2,301.5,1364,70.6,167,0,0,0,0,0,0
9615,M24474,M,294.1,303.3,1441,43.9,94,0,0,0,0,0,0
3188,M18047,M,290.2,295.4,1752,27.8,208,0,0,0,0,0,0
3973,L51152,L,297.3,304.4,1511,34.7,75,0,0,0,0,0,0
832,M15691,M,291.6,300.4,1544,42.3,170,0,0,0,0,0,0
8701,M23560,M,292.3,301.7,1451,43.8,24,0,0,0,0,0,0
8803,L55982,L,287.4,294.6,1524,43.1,73,0,0,0,0,0,0
6410,L53589,L,295.3,303.0,1560,50.8,180,0,0,0,0,0,0
861,H30274,H,291.1,299.9,1541,32.6,33,0,0,0,0,0,0
1642,M16501,M,293.0,301.0,1555,37.0,111,0,0,0,0,0,0
6772,M21631,M,296.2,303.7,1962,22.5,28,0,0,0,0,0,0
5412,L52591,L,297.8,305.6,1462,39.4,22,0,0,0,0,0,0
7740,L54919,L,295.5,304.9,1576,31.1,149,0,0,0,0,0,0
9816,M24675,M,293.4,302.1,1576,48.8,165,0,0,0,0,0,0
2253,H31666,H,294.1,301.3,1451,42.8,21,0,0,0,0,0,0
85,L47264,L,293.9,301.9,1422,47.6,15,0,0,0,0,0,0
524,L47703,L,292.4,302.4,1401,55.9,47,0,0,0,0,0,0
2588,L49767,L,294.0,301.7,2248,16.8,204,0,0,0,0,0,0
6667,L53846,L,296.3,303.4,1414,51.4,199,0,0,0,0,0,0
7794,L54973,L,295.1,304.5,1434,40.8,80,0,0,0,0,0,0
7823,H37236,H,294.9,304.3,1413,41.8,153,0,0,0,0,0,0
3268,L50447,L,296.3,303.0,1550,41.5,197,0,0,0,0,0,0
4707,L51886,L,298.5,304.7,1959,22.3,157,0,0,0,0,0,0
1556,L48735,L,293.4,301.6,1491,57.0,124,0,0,0,0,0,0
4677,L51856,L,298.4,304.5,1879,21.3,78,0,0,0,0,0,0
970,L48149,L,290.9,299.6,1412,41.0,109,0,0,0,0,0,0
1466,L48645,L,293.7,302.8,1546,40.9,109,0,0,0,0,0,0
2688,L49867,L,289.9,295.4,1348,52.8,31,0,0,0,0,0,0
9550,M24409,M,289.6,297.1,1649,33.8,133,0,0,0,0,0,0
8768,L55947,L,292.5,301.6,1380,53.5,192,0,0,0,0,0,0
612,L47791,L,293.1,303.0,1553,40.9,49,0,0,0,0,0,0
1595,M16454,M,293.0,301.2,1373,66.2,219,0,0,0,0,0,0
6847,M21706,M,296.2,304.5,1498,49.5,3,0,0,0,0,0,0
2881,L50060,L,295.7,302.5,1541,37.2,48,0,0,0,0,0,0
596,M15455,M,292.6,302.6,1330,53.1,7,0,0,0,0,0,0
6505,M21364,M,296.0,303.1,1681,27.4,212,0,0,0,0,0,0
8117,L55296,L,295.3,304.8,2004,19.6,12,0,0,0,0,0,0
3053,L50232,L,295.1,302.2,1421,42.5,61,0,0,0,0,0,0
3660,M18519,M,292.2,297.5,1734,25.0,116,0,0,0,0,0,0
614,L47793,L,293.1,302.9,1634,30.0,53,0,0,0,0,0,0
152,M15011,M,293.4,301.2,1463,37.6,188,0,0,0,0,0,0
4889,L52068,L,298.7,305.4,1512,39.2,184,0,0,0,0,0,0
9306,H38719,H,293.3,302.1,1646,30.2,125,0,0,0,0,0,0
9876,M24735,M,293.9,302.8,1363,50.6,115,0,0,0,0,0,0
1759,L48938,L,293.1,300.4,1608,33.9,193,0,0,0,0,0,0
5490,L52669,L,297.6,305.1,1499,35.0,215,0,0,0,0,0,1
4663,H34076,H,298.3,304.2,1607,31.7,34,0,0,0,0,0,0
7445,L54624,L,295.2,304.7,1286,55.1,42,0,0,0,0,0,0
8902,L56081,L,292.3,301.6,1446,50.1,144,0,0,0,0,0,0
8591,L55770,L,292.4,300.9,1557,35.5,174,0,0,0,0,0,0
8093,M22952,M,295.2,304.6,1513,40.8,157,0,0,0,0,0,0
2199,M17058,M,294.7,301.9,1478,41.0,87,0,0,0,0,0,0
8614,M23473,M,292.5,301.5,1401,65.5,10,0,0,0,0,0,0
6857,M21716,M,296.1,304.3,1836,32.8,29,0,0,0,0,0,0
4471,L51650,L,297.7,303.6,1564,34.3,0,0,0,0,0,0,0
3160,H32573,H,295.4,302.8,1409,47.5,138,0,0,0,0,0,0
1846,L49025,L,292.7,300.2,1444,40.0,17,0,0,0,0,0,0
5418,L52597,L,297.6,305.4,1386,45.8,38,0,0,0,0,0,0
4470,L51649,L,297.7,303.5,1446,55.9,215,1,1,0,0,0,0
7519,L54698,L,295.2,304.5,1500,40.8,17,0,0,0,0,0,0
4216,M19075,M,297.0,303.7,2157,17.8,17,0,0,0,0,0,0
3051,L50230,L,295.2,302.2,1431,51.3,57,0,0,0,0,0,0
231,L47410,L,293.3,301.6,1570,34.8,175,0,0,0,0,0,0
5524,M20383,M,297.5,304.9,1524,34.8,86,0,0,0,0,0,0
4834,L52013,L,298.4,304.9,1377,41.6,34,1,0,1,0,0,0
9303,M24162,M,293.1,301.9,1804,25.1,118,0,0,0,0,0,0
3517,L50696,L,297.0,304.1,1402,57.8,180,0,0,0,0,0,0
2876,M17735,M,295.5,302.4,1877,23.8,31,0,0,0,0,0,0
2386,L49565,L,294.1,301.3,1524,49.1,132,0,0,0,0,0,0
6644,M21503,M,296.5,303.5,1308,60.5,139,0,0,0,0,0,0
3625,M18484,M,297.0,304.4,1587,45.9,28,0,0,0,0,0,0
8443,L55622,L,293.6,303.0,1517,39.0,4,0,0,0,0,0,0
4733,L51912,L,298.3,304.7,1539,53.5,225,0,0,0,0,0,0
1422,L48601,L,293.7,302.8,1589,31.8,217,0,0,0,0,0,0
6568,M21427,M,296.3,303.6,1499,36.1,163,0,0,0,0,0,0
1563,L48742,L,293.2,301.3,2216,16.8,139,0,0,0,0,0,0
3028,L50207,L,295.5,302.5,1777,23.6,0,0,0,0,0,0,0
2304,L49483,L,294.2,301.5,1374,53.6,143,0,0,0,0,0,0
5296,L52475,L,298.8,306.2,1336,62.8,180,0,0,0,0,0,0
5302,L52481,L,298.8,306.1,1309,55.8,193,0,0,0,0,0,0
4065,L51244,L,296.9,303.7,1480,47.1,68,0,0,0,0,0,0
112,H29525,H,293.7,301.6,1499,43.5,84,0,0,0,0,0,0
3470,M18329,M,296.8,303.7,1429,57.9,51,0,0,0,0,0,0
7403,M22262,M,294.8,303.8,1463,53.5,154,0,0,0,0,0,0
3859,L51038,L,297.5,304.4,1559,37.6,209,0,0,0,0,0,0
7320,L54499,L,294.8,303.2,1654,32.7,159,0,0,0,0,0,0
3777,L50956,L,297.5,304.1,1538,46.8,206,0,0,0,0,0,0
6611,L53790,L,291.5,296.4,1543,34.0,55,0,0,0,0,0,0
4948,L52127,L,298.7,305.7,1395,53.9,123,0,0,0,0,0,0
3606,L50785,L,296.7,303.7,1641,41.9,190,0,0,0,0,0,0
9387,M24246,M,292.5,301.0,2033,16.7,128,0,0,0,0,0,0
188,L47367,L,293.2,301.4,1379,43.1,65,0,0,0,0,0,0
4286,L51465,L,296.7,302.9,1317,49.0,187,1,0,1,0,0,0
5891,L53070,L,296.4,304.0,1634,32.6,155,0,0,0,0,0,0
76,L47255,L,288.8,294.9,1379,46.7,204,0,0,0,0,0,0
1018,L48197,L,291.3,300.2,1637,31.6,27,0,0,0,0,0,0
1937,M16796,M,293.1,301.0,2129,18.4,45,0,0,0,0,0,0
7626,L54805,L,295.6,304.7,1556,34.9,76,0,0,0,0,0,0
5027,L52206,L,298.9,306.2,1481,40.0,100,0,0,0,0,0,0
8470,M23329,M,293.6,302.7,1280,74.1,69,0,0,0,0,0,0
6643,L53822,L,296.6,303.6,1431,37.5,137,0,0,0,0,0,0
8234,M23093,M,294.1,303.6,1449,43.2,80,0,0,0,0,0,0
5096,M19955,M,299.1,306.5,1428,39.9,88,0,0,0,0,0,0
1924,L49103,L,293.0,300.7,1529,34.1,11,0,0,0,0,0,0
6627,L53806,L,296.6,303.6,1613,57.5,101,0,0,0,0,0,0
6022,L53201,L,295.7,303.8,1814,21.4,59,0,0,0,0,0,0
5353,M20212,M,298.4,305.8,1590,51.3,117,0,0,0,0,0,0
3619,L50798,L,296.9,304.1,1448,46.3,14,0,0,0,0,0,0
3591,L50770,L,296.8,303.6,1403,46.8,151,0,0,0,0,0,0
2189,L49368,L,294.7,302.3,1420,44.1,60,0,0,0,0,0,0
7835,L55014,L,295.0,304.4,1483,45.6,187,0,0,0,0,0,0
2510,L49689,L,294.0,301.9,1511,35.9,16,0,0,0,0,0,0
93,M14952,M,293.9,301.9,1727,37.1,35,0,0,0,0,0,0
9925,M24784,M,293.5,301.6,1384,54.4,44,0,0,0,0,0,0
6122,L53301,L,295.9,304.1,1457,37.4,96,0,0,0,0,0,0
6814,M21673,M,295.9,303.7,1420,43.0,133,0,0,0,0,0,0
5933,L53112,L,290.5,296.5,1515,36.6,54,0,0,0,0,0,0
7715,L54894,L,295.5,304.5,1487,43.0,78,0,0,0,0,0,0
8807,L55986,L,292.4,301.5,1692,34.3,83,0,0,0,0,0,0
3579,M18438,M,296.7,303.5,1625,35.9,121,0,0,0,0,0,0
4055,M18914,M,296.9,303.9,1456,43.6,45,0,0,0,0,0,0
9762,L56941,L,293.6,302.7,1703,26.1,5,0,0,0,0,0,0
6667,L53846,L,296.3,303.4,1414,61.4,197,0,0,0,0,0,0
1532,H30945,H,293.1,302.0,1438,56.4,64,0,0,0,0,0,0
4743,L51922,L,298.3,304.3,1592,48.7,18,0,0,0,0,0,0
8654,M23513,M,292.4,301.3,1335,57.9,113,0,0,0,0,0,0
1902,M16761,M,287.9,293.6,1505,40.1,166,0,0,0,0,0,0
1280,M16139,M,293.3,302.6,1531,40.1,81,0,0,0,0,0,0
9244,L56423,L,293.3,301.8,1454,49.0,166,0,0,0,0,0,0
1839,M16698,M,292.8,300.2,1456,39.6,199,0,0,0,0,0,0
1012,M15871,M,291.2,300.3,1451,42.8,11,0,0,0,0,0,0
8973,M23832,M,291.8,300.4,1455,49.9,102,0,0,0,0,0,0
7703,M22562,M,295.7,304.7,1701,45.8,48,0,0,0,0,0,0
3313,L50492,L,296.4,303.4,1639,28.9,94,0,0,0,0,0,0
9384,H38797,H,292.5,301.1,1548,38.2,117,0,0,0,0,0,0
8793,L55972,L,292.4,301.5,1418,51.2,52,0,0,0,0,0,0
2456,L49635,L,294.0,301.6,1946,22.3,102,0,0,0,0,0,0
1736,L48915,L,288.4,294.0,1380,47.6,130,0,0,0,0,0,0
8298,M23157,M,288.8,296.2,1595,33.1,34,0,0,0,0,0,0
8526,L55705,L,293.3,302.4,1378,52.3,12,0,0,0,0,0,0
7863,M22722,M,295.5,305.0,1382,64.1,25,0,0,0,0,0,0
1905,M16764,M,293.0,300.6,1569,35.6,173,0,0,0,0,0,0
3366,M18225,M,296.4,303.6,1630,30.3,2,0,0,0,0,0,0
8725,M23584,M,287.2,294.6,1513,39.0,78,0,0,0,0,0,0
8009,L55188,L,295.8,304.9,1414,41.1,171,0,0,0,0,0,0
741,M15600,M,291.9,301.4,1450,56.9,184,0,0,0,0,0,0
8362,L55541,L,293.6,302.5,1450,44.3,7,0,0,0,0,0,0
7299,L54478,L,295.1,303.5,1532,36.0,109,0,0,0,0,0,0
912,M15771,M,290.6,299.1,1490,42.7,171,0,0,0,0,0,0
7430,L54609,L,295.0,304.4,1590,33.6,5,0,0,0,0,0,0
2162,L49341,L,294.4,302.1,1464,40.5,215,0,0,0,0,0,0
8410,L55589,L,293.5,302.6,1861,26.9,130,0,0,0,0,0,0
6807,L53986,L,296.1,303.8,1608,32.9,119,0,0,0,0,0,0
4668,H34081,H,293.3,297.4,1651,30.6,50,0,0,0,0,0,0
9240,H38653,H,293.2,301.8,1436,51.9,153,0,0,0,0,0,0
946,M15805,M,290.7,299.3,1347,50.4,46,0,0,0,0,0,0
9156,L56335,L,292.5,301.5,1340,57.4,143,0,0,0,0,0,0
7576,L54755,L,295.4,304.2,1471,46.5,164,0,0,0,0,0,0
5050,H34463,H,299.0,306.1,1472,45.5,166,0,0,0,0,0,0
357,M15216,M,292.6,301.4,1398,48.9,63,0,0,0,0,0,0
6488,H35901,H,295.6,302.8,1541,36.2,166,0,0,0,0,0,0
4170,L51349,L,297.1,303.5,1559,36.0,124,0,0,0,0,0,0
50,M14909,M,293.9,302.2,1412,44.1,140,0,0,0,0,0,0
3571,H32984,H,296.8,303.6,1441,46.3,100,0,0,0,0,0,0
9476,L56655,L,293.8,302.6,1523,41.9,165,0,0,0,0,0,0
1197,M16056,M,292.0,300.9,1493,34.7,57,0,0,0,0,0,0
3475,M18334,M,291.9,296.8,1557,35.3,65,0,0,0,0,0,0
6942,L54121,L,295.8,304.4,1316,57.6,43,0,0,0,0,0,0
9226,L56405,L,293.0,302.1,1820,38.6,124,0,0,0,0,0,0
1045,L48224,L,291.5,300.6,1512,43.6,92,0,0,0,0,0,0
8867,H38280,H,292.9,301.9,1416,39.6,45,0,0,0,0,0,0
988,M15847,M,291.3,300.1,1534,33.8,151,0,0,0,0,0,0
1131,L48310,L,291.8,300.9,1413,46.5,121,0,0,0,0,0,0
7735,L54914,L,295.6,305.0,1670,29.4,134,0,0,0,0,0,0
520,M15379,M,292.7,302.5,2027,19.8,39,0,0,0,0,0,0
3897,M18756,M,292.2,297.2,1627,33.2,74,0,0,0,0,0,0
6699,L53878,L,296.6,303.8,1418,44.7,46,0,0,0,0,0,0
2949,L50128,L,295.7,302.5,1850,24.5,19,0,0,0,0,0,0
2219,L49398,L,294.7,302.1,1713,33.5,141,0,0,0,0,0,0
6888,L54067,L,295.8,304.3,1782,26.9,116,0,0,0,0,0,0
6136,L53315,L,296.0,303.9,1740,28.9,129,0,0,0,0,0,0
6267,L53446,L,295.8,303.4,1368,46.8,21,0,0,0,0,0,0
7349,H36762,H,294.7,303.3,1462,40.4,19,0,0,0,0,0,0
6185,L53364,L,296.0,304.0,1553,35.8,26,0,0,0,0,0,0
6155,M21014,M,296.0,303.9,1765,24.2,179,0,0,0,0,0,0
1315,M16174,M,294.0,303.3,1635,34.5,168,0,0,0,0,0,0
7323,H36736,H,294.8,303.2,1573,43.3,166,0,0,0,0,0,0
2179,L49358,L,294.6,302.2,1602,37.3,31,0,0,0,0,0,0
5698,L52877,L,297.5,304.9,1354,49.4,117,0,0,0,0,0,0
1944,L49123,L,293.1,301.0,1704,30.9,61,0,0,0,0,0,0
2925,L50104,L,295.8,302.7,1461,44.3,158,0,0,0,0,0,0
8803,L55982,L,292.4,301.6,1524,43.1,73,0,0,0,0,0,0
6440,L53619,L,295.6,303.1,1656,32.7,44,0,0,0,0,0,0
8665,H38078,H,292.5,301.6,1355,58.9,138,0,0,0,0,0,0
2087,H31500,H,294.4,302.3,1439,49.7,9,0,0,0,0,0,0
3649,M18508,M,297.2,304.5,1443,47.0,90,0,0,0,0,0,0
57,L47236,L,293.8,302.1,1477,42.4,158,0,0,0,0,0,0
373,M15232,M,292.4,301.3,1405,51.7,108,0,0,0,0,0,0
5254,L52433,L,293.5,299.0,1547,40.3,73,0,0,0,0,0,0
7586,L54765,L,295.4,304.1,1397,50.8,189,0,0,0,0,0,0
2462,M17321,M,288.9,294.6,1517,39.8,114,0,0,0,0,0,0
6949,L54128,L,295.7,304.2,1457,51.4,61,0,0,0,0,0,0
8716,L55895,L,292.1,301.6,1442,37.1,59,0,0,0,0,0,0
6215,L53394,L,295.9,303.7,1392,44.2,97,0,0,0,0,0,0
3763,M18622,M,297.3,304.0,1526,37.7,171,0,0,0,0,0,0
4056,L51235,L,297.0,304.0,1865,22.7,48,0,0,0,0,0,0
7547,H36960,H,295.2,304.5,1454,42.8,88,0,0,0,0,0,0
5672,H35085,H,297.2,304.6,1534,37.2,41,0,0,0,0,0,0
2542,H31955,H,294.1,301.8,1553,32.6,90,0,0,0,0,0,0
4517,L51696,L,297.5,303.3,1539,39.0,119,0,0,0,0,0,0
3089,M17948,M,295.0,302.1,1624,30.8,155,0,0,0,0,0,0
1849,H31262,H,292.7,300.2,1429,44.1,26,0,0,0,0,0,0
528,M15387,M,292.6,302.6,1592,35.8,57,0,0,0,0,0,0
9094,M23953,M,292.3,301.1,1709,40.6,194,0,0,0,0,0,0
2166,L49345,L,294.5,302.1,1476,62.8,227,0,0,0,0,0,0
257,L47436,L,293.1,301.3,1331,63.0,13,0,0,0,0,0,0
3944,L51123,L,297.3,304.4,1333,66.7,205,1,0,0,1,1,0
3377,M18236,M,296.5,303.8,1385,47.5,30,0,0,0,0,0,0
1103,L48282,L,291.8,300.5,1347,54.8,43,0,0,0,0,0,0
1654,L48833,L,293.0,300.8,1386,57.3,147,0,0,0,0,0,0
9732,L56911,L,293.8,303.0,1389,49.6,149,0,0,0,0,0,0
551,L47730,L,292.4,302.2,1698,29.4,119,0,0,0,0,0,0
7315,L54494,L,294.9,303.3,1268,53.3,146,0,0,0,0,0,0
9795,L56974,L,293.5,302.3,1590,33.9,107,0,0,0,0,0,0
5909,M20768,M,295.8,303.3,1526,51.3,209,0,0,0,0,0,0
4010,L51189,L,297.2,304.2,1630,36.0,169,0,0,0,0,0,0
725,L47904,L,292.5,301.9,1390,44.6,140,0,0,0,0,0,0
6591,L53770,L,296.7,303.7,1763,25.9,3,0,0,0,0,0,0
7192,L54371,L,295.3,303.3,1629,34.1,52,0,0,0,0,0,0
3840,M18699,M,297.3,304.0,1578,33.5,158,0,0,0,0,0,0
5270,L52449,L,293.5,298.9,1504,44.8,111,0,0,0,0,0,0
6238,L53417,L,296.4,303.9,1414,48.8,160,0,0,0,0,0,0
925,L48104,L,290.5,299.0,1800,27.6,208,0,0,0,0,0,0
2296,L49475,L,294.4,301.7,1512,37.2,126,0,0,0,0,0,0
8256,L55435,L,294.0,303.4,1606,31.1,134,0,0,0,0,0,0
4740,L51919,L,298.2,304.4,1351,53.8,8,1,0,1,0,0,0
3837,L51016,L,297.4,304.2,1466,43.9,152,0,0,0,0,0,0
9439,M24298,M,293.1,301.7,1315,56.8,59,0,0,0,0,0,0
5225,L52404,L,298.9,306.2,1590,31.9,5,0,0,0,0,0,0
9462,M24321,M,293.4,302.2,1414,46.4,128,0,0,0,0,0,0
9797,H39210,H,293.4,302.3,1694,30.9,111,0,0,0,0,0,0
5254,L52433,L,298.5,306.0,1547,40.3,73,0,0,0,0,0,0
3882,L51061,L,297.5,304.5,1521,44.1,37,0,0,0,0,0,0
4945,M19804,M,298.6,305.7,1765,27.5,115,0,0,0,0,0,0
6130,M20989,M,296.0,304.0,1508,56.9,111,0,0,0,0,0,0
4441,L51620,L,297.5,303.3,1446,54.0,144,0,0,0,0,0,0
3622,L50801,L,296.9,304.2,1657,29.1,23,0,0,0,0,0,0
6776,L53955,L,296.2,303.6,1670,30.0,40,0,0,0,0,0,0
4924,M19783,M,298.4,305.2,1972,23.5,59,0,0,0,0,0,0
4509,L51688,L,297.4,303.0,1426,46.6,102,0,0,0,0,0,0
8863,M23722,M,293.0,302.2,1558,51.7,33,0,0,0,0,0,0
7526,H36939,H,295.1,304.5,1383,59.1,31,0,0,0,0,0,0
9694,L56873,L,293.9,303.0,1693,28.8,56,0,0,0,0,0,0
2870,L50049,L,295.8,302.7,1519,35.8,14,0,0,0,0,0,0
7000,M21859,M,295.6,303.7,1457,36.7,193,0,0,0,0,0,0
9108,M23967,M,292.5,301.5,1662,30.3,26,0,0,0,0,0,0
8121,L55300,L,295.2,304.6,1767,26.4,20,0,0,0,0,0,0
769,L47948,L,291.9,301.0,1713,29.3,13,0,0,0,0,0,0
5643,L52822,L,297.5,305.0,1495,38.8,186,0,0,0,0,0,0
6245,M21104,M,296.0,303.4,1665,30.9,177,0,0,0,0,0,0
8593,M23452,M,292.5,301.0,1430,44.5,178,0,0,0,0,0,0
5223,L52402,L,298.9,306.1,1665,29.6,0,0,0,0,0,0,0
6822,M21681,M,295.8,303.6,1545,37.5,155,0,0,0,0,0,0
6689,L53868,L,296.7,304.0,1548,40.3,21,0,0,0,0,0,0
5185,L52364,L,294.0,299.0,1397,42.4,113,0,0,0,0,0,0
4914,M19773,M,298.5,305.3,1593,35.2,29,0,0,0,0,0,0
6168,M21027,M,295.9,303.7,1362,51.6,212,0,0,0,0,0,0
3013,L50192,L,295.4,302.6,1432,44.7,192,0,0,0,0,0,0
8814,L55993,L,292.1,301.4,1693,29.5,100,0,0,0,0,0,0
3749,L50928,L,297.5,304.1,1493,49.0,135,0,0,0,0,0,0
3949,M18808,M,297.2,304.3,1510,37.1,10,0,0,0,0,0,0
3693,L50872,L,297.1,304.3,1758,24.4,200,0,0,0,0,0,0
4928,M19787,M,298.5,305.3,1543,33.3,71,0,0,0,0,0,0
2366,L49545,L,294.4,301.5,1845,22.9,76,0,0,0,0,0,0
7587,L54766,L,295.4,304.1,1589,35.5,191,0,0,0,0,0,0
945,M15804,M,290.7,299.3,1712,28.5,43,0,0,0,0,0,0
9215,L56394,L,293.0,301.9,1508,37.1,92,0,0,0,0,0,0
6762,L53941,L,296.5,303.9,1400,50.8,2,0,0,0,0,0,0
7302,L54481,L,290.1,296.4,1554,39.4,115,0,0,0,0,0,0
9131,L56310,L,292.6,301.6,1576,32.7,83,0,0,0,0,0,0
8684,L55863,L,292.2,301.5,1447,47.9,188,0,0,0,0,0,0
2197,M17056,M,294.7,301.9,1551,35.4,82,0,0,0,0,0,0
6364,M21223,M,295.0,302.6,1618,36.2,53,0,0,0,0,0,0
5247,L52426,L,298.5,306.0,1465,51.0,54,0,0,0,0,0,0
4178,L51357,L,297.5,303.9,1477,39.2,144,0,0,0,0,0,0
3332,L50511,L,296.7,303.8,1559,44.5,135,0,0,0,0,0,0
6096,M20955,M,295.9,303.7,1452,62.3,29,0,0,0,0,0,0
1296,L48475,L,293.7,302.8,1402,54.3,128,0,0,0,0,0,0
7370,M22229,M,294.6,303.1,1646,29.6,73,0,0,0,0,0,0
6080,M20939,M,295.8,303.7,1371,44.7,205,0,0,0,0,0,0
1515,M16374,M,293.1,301.8,1628,37.6,12,0,0,0,0,0,0
8776,H38189,H,292.5,301.6,1536,38.7,7,0,0,0,0,0,0
3121,H32534,H,295.1,302.4,1563,40.8,28,0,0,0,0,0,0
845,L48024,L,291.5,300.5,1566,35.1,206,0,0,0,0,0,0
4399,M19258,M,297.3,303.1,1563,37.8,31,0,0,0,0,0,0
6180,M21039,M,296.1,303.9,1396,45.1,12,0,0,0,0,0,0
9912,M24771,M,293.6,302.0,1481,40.8,6,0,0,0,0,0,0
9879,L57058,L,293.7,302.7,1293,59.1,125,0,0,0,0,0,0
648,L47827,L,292.7,302.3,1559,36.9,145,0,0,0,0,0,0
1193,M16052,M,292.2,301.3,1431,43.7,46,0,0,0,0,0,0
3083,M17942,M,295.0,302.3,1407,43.9,138,0,0,0,0,0,0
5611,L52790,L,293.1,298.4,1407,41.2,107,0,0,0,0,0,0
9157,M24016,M,292.5,301.4,1369,54.8,145,0,0,0,0,0,0
3556,L50735,L,296.8,303.7,1551,37.7,64,0,0,0,0,0,0
7855,L55034,L,295.3,304.8,1551,37.2,9,0,0,0,0,0,0
3423,L50602,L,296.5,303.4,1629,34.1,151,0,0,0,0,0,0
5456,M20315,M,298.1,305.6,1895,23.5,129,0,0,0,0,0,0
4968,L52147,L,298.9,305.6,1426,53.4,172,0,0,0,0,0,0
5078,L52257,L,294.3,299.3,1775,24.9,39,0,0,0,0,0,0
8662,L55841,L,292.4,301.5,1643,43.8,130,0,0,0,0,0,0
3114,M17973,M,294.9,302.1,1345,56.8,10,0,0,0,0,0,0
1923,L49102,L,293.0,300.8,1716,26.6,9,0,0,0,0,0,0
7847,M22706,M,295.2,304.6,1608,35.0,212,0,0,0,0,0,0
3975,L51154,L,297.4,304.5,1505,37.9,79,0,0,0,0,0,0
9903,H39316,H,293.7,302.3,1402,45.3,190,0,0,0,0,0,0
3351,L50530,L,296.4,303.8,1285,62.6,183,1,0,0,0,1,0
1617,H31030,H,292.8,300.8,1662,40.7,46,0,0,0,0,0,0
3922,L51101,L,297.7,304.5,1494,41.4,149,0,0,0,0,0,0
9046,L56225,L,292.4,301.4,1603,34.6,65,0,0,0,0,0,0
5270,L52449,L,298.5,305.9,1504,44.8,111,0,0,0,0,0,0
4638,M19497,M,298.1,304.3,1847,24.7,212,0,0,0,0,0,0
6237,M21096,M,296.3,303.9,1512,36.9,159,0,0,0,0,0,0
7640,L54819,L,295.5,304.4,1466,41.8,112,0,0,0,0,0,0
8744,H38157,H,292.4,301.7,1323,51.1,130,0,0,0,0,0,0
5887,L53066,L,296.4,304.1,1494,41.9,142,0,0,0,0,0,0
5676,M20535,M,292.3,297.7,1453,42.5,56,0,0,0,0,0,0
898,L48077,L,290.6,299.2,1612,46.2,135,0,0,0,0,0,0
5893,L53072,L,296.4,304.1,1472,44.5,159,0,0,0,0,0,0
8402,H37815,H,293.5,302.4,1671,31.8,108,0,0,0,0,0,0
8148,L55327,L,294.5,303.8,1447,41.0,93,0,0,0,0,0,0
7636,L54815,L,295.3,304.4,1526,38.5,101,0,0,0,0,0,0
1616,L48795,L,292.8,300.9,1447,48.6,46,0,0,0,0,0,0
877,L48056,L,285.7,292.3,1915,22.4,79,0,0,0,0,0,0
5247,L52426,L,298.5,306.0,1465,41.0,56,0,0,0,0,0,0
3329,L50508,L,296.6,303.6,1418,43.9,129,0,0,0,0,0,0
6074,M20933,M,295.9,303.8,1790,26.2,191,0,0,0,0,0,0
5127,L52306,L,299.3,306.5,1802,25.4,170,0,0,0,0,0,0
6782,M21641,M,296.3,303.8,1494,35.3,54,0,0,0,0,0,0
750,L47929,L,291.6,301.0,1978,22.3,208,0,0,0,0,0,0
9217,H38630,H,292.7,301.8,1469,43.7,96,0,0,0,0,0,0
3626,M18485,M,297.1,304.4,1467,43.4,33,0,0,0,0,0,0
2391,L49570,L,294.2,301.5,1487,41.2,140,0,0,0,0,0,0
266,L47445,L,293.0,301.1,1454,37.1,35,0,0,0,0,0,0
127,L47306,L,294.0,301.6,1329,75.5,124,0,0,0,0,0,0
9066,H38479,H,292.2,301.4,2182,17.3,119,0,0,0,0,0,0
9569,L56748,L,294.8,304.1,1588,38.0,183,0,0,0,0,0,0
9489,M24348,M,293.9,302.6,1567,34.5,204,0,0,0,0,0,0
6842,M21701,M,296.1,304.2,1591,35.0,208,0,0,0,0,0,0
4837,L52016,L,298.3,304.8,1315,62.0,42,1,0,1,0,0,0
2498,M17357,M,294.2,301.9,1521,42.3,215,0,0,0,0,0,0
3215,H32628,H,295.4,302.3,1396,51.2,54,0,0,0,0,0,0
5405,H34818,H,297.8,305.5,1422,46.1,4,0,0,0,0,0,0
3769,L50948,L,297.2,304.0,1555,34.2,185,0,0,0,0,0,0
6224,M21083,M,296.1,303.9,1552,37.9,126,0,0,0,0,0,0
9336,L56515,L,293.4,301.9,1501,50.0,203,0,0,0,0,0,0
4027,M18886,M,297.1,304.0,1574,34.1,215,0,0,0,0,0,0
8181,M23040,M,294.7,304.2,1616,42.3,180,0,0,0,0,0,0
9022,M23881,M,292.4,301.2,1536,34.6,4,0,0,0,0,0,0
5531,M20390,M,297.3,304.8,1355,50.1,104,0,0,0,0,0,0
4217,L51396,L,296.9,303.7,1370,50.3,20,0,0,0,0,0,0
9185,L56364,L,293.0,302.2,1665,46.6,20,0,0,0,0,0,0
8038,L55217,L,295.7,304.8,1603,34.1,17,0,0,0,0,0,0
7551,M22410,M,295.3,304.4,1554,34.3,99,0,0,0,0,0,0
2757,L49936,L,294.7,302.2,1781,29.6,201,0,0,0,0,0,0
5771,L52950,L,296.6,304.2,1408,42.9,89,0,0,0,0,0,0
2774,L49953,L,294.9,302.4,1858,22.5,22,0,0,0,0,0,0
2294,L49473,L,294.5,301.9,1520,38.3,122,0,0,0,0,0,0
8955,L56134,L,292.3,301.0,1447,49.0,61,0,0,0,0,0,0
8001,M22860,M,295.8,305.0,1443,53.3,151,0,0,0,0,0,0
3016,L50195,L,295.5,302.7,1589,30.5,198,0,0,0,0,0,0
2115,H31528,H,294.4,302.1,1373,59.1,85,0,0,0,0,0,0
963,M15822,M,290.8,299.6,1480,43.2,92,0,0,0,0,0,0
5031,M19890,M,298.9,306.1,1437,58.3,108,0,0,0,0,0,0
555,H29968,H,292.5,302.4,1368,45.3,129,0,0,0,0,0,0
1218,L48397,L,292.0,301.1,1455,43.5,122,0,0,0,0,0,0
795,H30208,H,291.9,300.9,1547,32.6,79,0,0,0,0,0,0
105,L47284,L,293.8,301.7,1450,43.4,66,0,0,0,0,0,0
6757,L53936,L,296.8,304.2,1840,26.6,202,0,0,0,0,0,0
9145,M24004,M,292.5,301.5,1447,56.6,122,0,0,0,0,0,0
3792,L50971,L,297.3,304.0,1528,43.1,30,0,0,0,0,0,0
3201,M18060,M,295.1,302.2,1454,54.4,17,0,0,0,0,0,0
2475,L49654,L,293.9,301.5,1503,40.6,145,0,0,0,0,0,0
150,L47329,L,293.4,301.3,1473,39.9,184,0,0,0,0,0,0
3584,L50763,L,296.8,303.7,1751,29.3,133,0,0,0,0,0,0
8286,L55465,L,293.9,303.6,1387,52.7,2,0,0,0,0,0,0
7472,L54651,L,295.3,304.7,1365,53.3,113,0,0,0,0,0,0
2255,L49434,L,294.1,301.3,1325,61.9,32,0,0,0,0,0,0
991,L48170,L,291.2,300.0,1414,48.3,162,0,0,0,0,0,0
1608,L48787,L,287.8,293.8,1412,48.3,27,0,0,0,0,0,0
7994,L55173,L,296.1,305.3,1595,31.9,134,0,0,0,0,0,0
258,L47437,L,293.0,301.0,1615,29.5,15,0,0,0,0,0,0
109,H29522,H,293.9,301.8,1621,32.7,75,0,0,0,0,0,0
8720,L55899,L,292.2,301.8,1451,43.1,68,0,0,0,0,0,0
9254,M24113,M,293.2,302.0,1508,55.5,196,0,0,0,0,0,0
6740,L53919,L,296.7,304.2,1482,43.6,154,0,0,0,0,0,0
195,M15054,M,293.2,301.5,2678,10.7,86,1,0,0,1,0,0
275,L47454,L,293.1,301.0,1652,28.5,63,0,0,0,0,0,0
8674,L55853,L,292.4,301.6,1494,42.6,161,0,0,0,0,0,0
4502,L51681,L,297.5,303.2,1307,54.0,86,1,0,1,0,0,0
8778,H38191,H,292.5,301.6,1481,38.8,14,0,0,0,0,0,0
4698,M19557,M,298.5,304.6,1573,34.0,134,0,0,0,0,0,0
281,M15140,M,293.1,301.1,1456,43.7,80,0,0,0,0,0,0
8229,M23088,M,294.1,303.4,1422,49.3,69,0,0,0,0,0,0
7055,H36468,H,295.7,303.5,1476,43.1,134,0,0,0,0,0,0
2938,L50117,L,295.7,302.6,1810,26.0,195,0,0,0,0,0,0
4175,L51354,L,297.3,303.7,1499,47.8,135,0,0,0,0,0,0
1579,L48758,L,293.3,301.4,1593,37.0,174,0,0,0,0,0,0
8592,L55771,L,292.4,300.9,1606,33.4,176,0,0,0,0,0,0
2440,L49619,L,294.1,301.4,1693,31.6,65,0,0,0,0,0,0
1040,L48219,L,291.7,300.7,1524,46.8,80,0,0,0,0,0,0
3145,M18004,M,295.6,303.0,1478,36.3,95,0,0,0,0,0,0
8626,L55805,L,292.4,301.3,1632,33.5,39,0,0,0,0,0,0
2240,L49419,L,289.2,294.6,1381,50.0,193,0,0,0,0,0,0
5808,M20667,M,296.4,303.9,1489,38.9,179,0,0,0,0,0,0
4380,M19239,M,296.8,302.5,1732,30.1,220,0,0,0,0,0,0
6503,L53682,L,295.9,303.0,2595,13.7,207,0,0,0,0,0,0
