UDI,Product ID,Type,Air temperature [K],Process temperature [K],Rotational speed [rpm],Torque [Nm],Tool wear [min],Predicted_Type,Predicted_Prob
9193,L56372,L,297.9,309.0,1562.0,60.8,42.0,Failure,0.6285814337069835
6113,L53292,L,300.7,310.8,1925.0,32.0,72.0,No Failure,0.34787250661833885
6653,H36066,H,301.5,310.4,1580.0,45.7,159.0,Failure,0.6369615343313677
7521,L54700,L,300.2,311.6,1529.0,45.5,19.0,No Failure,0.06843417116833257
9257,L56436,L,298.2,309.1,1569.0,45.2,197.0,Failure,0.5196127028605119
3985,L51164,L,302.3,311.3,1652.0,42.8,106.0,Failure,0.6710100012794831
3701,L50880,L,302.1,311.2,1447.0,60.3,9.0,Failure,0.7271256162704415
2103,L49282,L,299.3,309.3,1325.0,87.0,49.0,Failure,0.9875090317505116
4634,L51813,L,303.0,311.2,1382.0,70.5,199.0,Failure,0.9956583749200859
9140,L56319,L,297.5,308.5,1536.0,61.9,110.0,Failure,0.8102983792379403
4006,M18865,M,297.0,304.1,1406.0,58.8,157.0,Failure,0.9465911322109742
6641,L53820,L,301.4,310.4,1334.0,53.2,131.0,Failure,0.6442932880439439
6214,L53393,L,300.9,310.6,1552.0,44.9,93.0,No Failure,0.4080682116890753
1593,L48772,L,298.1,308.4,1592.0,63.2,213.0,Failure,0.9804440717005168
9056,H38469,H,297.3,308.4,1864.0,33.1,88.0,No Failure,0.07787813368059111
7799,L54978,L,300.0,311.5,1812.0,38.3,92.0,No Failure,0.2536652854786934
1896,L49075,L,292.9,300.6,1344.0,64.3,149.0,Failure,0.9502239664344441
155,L47334,L,298.4,308.2,1528.0,46.2,194.0,Failure,0.6701935956074512
2808,M17667,M,299.9,309.3,1452.0,51.9,104.0,No Failure,0.49730736667517816
1355,L48534,L,298.6,310.0,1334.0,58.0,40.0,No Failure,0.16023182187909404
2610,L49789,L,299.4,309.2,1621.0,59.5,50.0,Failure,0.8616023855993471
7110,L54289,L,300.9,310.5,1599.0,50.5,55.0,Failure,0.6170721445748102
8240,L55419,L,299.0,310.4,1339.0,74.6,96.0,Failure,0.8772728515361359
9271,L56450,L,298.2,308.8,1302.0,70.4,32.0,Failure,0.6584405258374136
7981,M22840,M,296.2,305.4,1505.0,49.6,100.0,No Failure,0.4304941210598981
6879,H36292,H,300.9,311.2,1518.0,60.0,92.0,Failure,0.6689574621352993
698,M15557,M,297.6,308.8,1453.0,49.7,67.0,No Failure,0.09155574623330898
3765,L50944,L,302.4,311.0,1329.0,64.6,174.0,Failure,0.9683926706877383
3464,L50643,L,301.6,310.5,1809.0,35.5,38.0,No Failure,0.4141026553993484
9287,L56466,L,298.2,308.9,1605.0,42.0,77.0,No Failure,0.16270909916991305
7791,L54970,L,300.1,311.4,1729.0,39.3,69.0,No Failure,0.16554257861690816
4442,L51621,L,302.5,310.2,1329.0,60.6,146.0,Failure,0.9528561972025057
763,M15622,M,296.7,307.8,1286.0,70.5,-2.0,No Failure,0.31649454573582625
1219,M16078,M,297.0,308.2,1702.0,40.7,122.0,No Failure,0.18289576946252908
4594,L51773,L,303.0,311.2,1409.0,51.9,96.0,Failure,0.7526854226442959
4397,H33810,H,302.3,310.1,1383.0,67.9,26.0,Failure,0.8939877102003029
9233,L56412,L,298.2,309.1,1350.0,62.0,134.0,Failure,0.6587414673787677
540,M15399,M,297.4,309.3,1775.0,35.8,89.0,No Failure,0.06205831445523977
3914,M18773,M,302.4,311.4,1675.0,49.6,124.0,Failure,0.8636170184975912
5153,L52332,L,304.3,313.5,2643.0,22.7,19.0,Failure,0.9457320391271974
997,M15856,M,296.3,307.2,1286.0,76.1,179.0,Failure,0.9325962220225639
463,L47642,L,292.4,301.7,1433.0,53.4,114.0,Failure,0.5228657904564865
9618,L56797,L,299.0,310.2,1516.0,45.3,100.0,No Failure,0.16087896677537264
2363,H31776,H,299.3,308.6,1520.0,51.4,65.0,No Failure,0.36619274046568384
6526,L53705,L,301.1,310.4,1312.0,83.6,47.0,Failure,0.9867969959975081
1261,L48440,L,297.6,309.0,1528.0,43.8,20.0,No Failure,0.04233030829974689
4904,L52083,L,303.6,312.4,2232.0,26.8,-2.0,Failure,0.676458080595815
2662,M17521,M,299.9,309.4,1509.0,52.8,188.0,Failure,0.8238382664638427
2536,L49715,L,299.0,308.8,1495.0,63.4,77.0,Failure,0.8766531321744078
3940,L51119,L,302.5,311.6,1400.0,64.0,194.0,Failure,0.976343322820518
9285,L56464,L,298.2,308.9,1683.0,41.7,72.0,No Failure,0.22626355770112427
6376,H35789,H,300.0,309.6,1629.0,42.3,87.0,No Failure,0.2262084552195633
7800,L54979,L,300.0,311.4,1374.0,61.9,92.0,Failure,0.5175822718182925
5436,M20295,M,303.0,312.5,1524.0,52.1,74.0,Failure,0.5789141072569813
6289,L53468,L,301.0,310.5,1317.0,60.9,73.0,Failure,0.66040715220456
2293,L49472,L,299.6,308.9,1422.0,63.2,118.0,Failure,0.9138713689895102
1285,L48464,L,298.4,309.5,2153.0,25.3,96.0,No Failure,0.30685914619693216
8205,L55384,L,299.4,310.9,1751.0,37.8,8.0,No Failure,0.06228413291595258
5667,L52846,L,302.2,311.4,1430.0,53.1,27.0,No Failure,0.4526354522143443
880,L48059,L,295.8,306.3,1337.0,64.6,85.0,Failure,0.6104052660084328
1601,M16460,M,297.8,307.8,1543.0,53.7,6.0,No Failure,0.2784311298434061
7162,L54341,L,300.2,310.2,1440.0,52.9,189.0,Failure,0.7708659806458923
3804,L50983,L,302.2,310.9,1531.0,47.5,58.0,Failure,0.5691931483622207
240,L47419,L,298.0,308.2,1611.0,50.6,191.0,Failure,0.8414554631474247
5581,M20440,M,302.6,312.2,1458.0,48.8,32.0,No Failure,0.2084324484663995
9916,M24775,M,298.5,308.7,1662.0,38.3,13.0,No Failure,0.05919344167125072
9759,L56938,L,298.6,309.8,2271.0,26.2,216.0,Failure,0.8363159130297542
6500,L53679,L,300.9,310.0,1671.0,36.8,197.0,Failure,0.6906804620192813
5348,L52527,L,303.3,312.7,1262.0,73.8,98.0,Failure,0.9563119326376337
486,M15345,M,297.4,309.0,1685.0,40.7,175.0,No Failure,0.2373675722588909
4479,L51658,L,302.5,310.2,1477.0,51.6,14.0,Failure,0.6814696268884732
1849,H31262,H,292.7,300.2,1429.0,54.1,24.0,No Failure,0.3635948444400701
8039,L55218,L,300.7,311.8,1486.0,57.3,17.0,No Failure,0.3399580047023571
3738,L50917,L,302.2,311.1,1351.0,58.6,108.0,Failure,0.8130760577556485
5830,M20689,M,301.2,311.1,1574.0,44.3,2.0,No Failure,0.11537982774975238
9061,H38474,H,297.2,308.3,1453.0,55.8,103.0,No Failure,0.23547805195387048
6151,L53330,L,301.1,311.1,1711.0,39.1,168.0,Failure,0.6195424382294527
1786,L48965,L,293.2,301.0,1538.0,48.2,57.0,Failure,0.5684420180554611
3044,L50223,L,300.3,309.5,1551.0,47.9,40.0,No Failure,0.4355262530648092
9599,L56778,L,299.0,310.2,1490.0,51.1,52.0,No Failure,0.18886874976868018
5597,M20456,M,302.7,312.0,1538.0,56.7,70.0,Failure,0.7785501480034591
1405,M16264,M,298.9,310.1,1555.0,50.6,174.0,Failure,0.5098144088388422
4840,H34253,H,303.4,311.9,1402.0,60.0,52.0,Failure,0.7029261587385947
4038,M18897,M,302.0,310.8,1609.0,45.2,2.0,No Failure,0.3053603177078764
2450,L49629,L,299.3,308.8,1772.0,50.2,91.0,Failure,0.8792357199760783
1345,L48524,L,298.5,310.1,1809.0,38.9,18.0,No Failure,0.10420486132677104
4391,M19250,M,302.2,310.1,1421.0,55.4,7.0,Failure,0.5879059865898433
9568,L56747,L,294.8,304.1,1412.0,52.5,179.0,Failure,0.6992356808620159
6226,M21085,M,301.2,311.0,1424.0,51.4,129.0,No Failure,0.46890883754688717
4368,H33781,H,297.0,302.9,1447.0,52.8,183.0,Failure,0.9461475255190396
6384,H35797,H,300.2,309.7,1483.0,53.8,106.0,Failure,0.5204257036003803
5917,L53096,L,295.6,303.2,1555.0,51.9,17.0,Failure,0.7003015473661768
5910,H35323,H,300.7,310.2,1364.0,75.3,206.0,Failure,0.9864050060230911
1746,L48925,L,298.5,308.0,1624.0,39.8,158.0,Failure,0.5031965005831047
1500,M16359,M,298.1,308.8,2206.0,26.299999999999997,193.0,Failure,0.6882689390509219
86,M14945,M,299.0,309.0,1804.0,36.8,15.0,No Failure,0.13465813058285805
9679,M24538,M,299.1,310.2,1711.0,48.1,13.0,No Failure,0.20874039395942978
7287,M22146,M,300.1,310.4,1480.0,47.1,75.0,No Failure,0.1654423882570295
5897,L53076,L,301.1,310.8,1274.0,65.7,167.0,Failure,0.9072355525522251
4420,M19279,M,302.6,310.2,2676.0,20.8,82.0,Failure,0.9837248288067689
8695,L55874,L,297.2,308.5,1766.0,45.8,3.0,No Failure,0.20377084300343792
4657,L51836,L,303.1,311.2,1626.0,52.3,17.0,Failure,0.8451369024391141
1431,L48610,L,298.9,310.0,1378.0,59.3,16.0,No Failure,0.22852853361059505
3071,L50250,L,300.0,309.1,1631.0,38.3,108.0,No Failure,0.39236198253831617
7062,L54241,L,300.6,310.4,1446.0,59.7,153.0,Failure,0.8928794402128842
7354,L54533,L,299.8,310.3,1687.0,40.4,31.0,No Failure,0.1572915330115867
5164,M20023,M,304.2,313.4,1713.0,43.5,46.0,Failure,0.5175704058958192
9089,M23948,M,297.1,307.9,1662.0,36.9,181.0,No Failure,0.20299373862122422
8396,M23255,M,298.5,309.5,1483.0,54.8,90.0,No Failure,0.32945902935687976
6686,L53865,L,301.6,310.9,1532.0,53.6,13.0,Failure,0.5694522045605616
1693,M16552,M,298.1,307.6,1764.0,37.7,21.0,No Failure,0.16359405118344428
3313,L50492,L,301.4,310.4,1639.0,48.9,90.0,Failure,0.7992377897338603
1469,M16328,M,298.6,309.8,1419.0,54.9,113.0,No Failure,0.2777292611931497
5799,L52978,L,301.5,310.9,1600.0,49.0,158.0,Failure,0.8517389055932529
1148,M16007,M,292.1,301.0,1690.0,35.6,157.0,No Failure,0.3026709807207134
4638,M19497,M,303.1,311.3,1847.0,44.7,208.0,Failure,0.9794222312791471
9781,M24640,M,298.8,309.8,1477.0,56.7,57.0,No Failure,0.3041937894116061
4545,L51724,L,297.5,303.4,1349.0,65.1,185.0,Failure,0.9946224508769145
5316,L52495,L,303.6,312.8,1710.0,37.2,12.0,No Failure,0.2511123611839182
1018,L48197,L,296.3,307.2,1637.0,51.6,23.0,No Failure,0.31329936329746594
203,M15062,M,298.4,308.5,1636.0,45.7,105.0,No Failure,0.39425359600089793
1661,L48840,L,298.2,308.0,1499.0,64.1,162.0,Failure,0.9583831110688101
6274,L53453,L,296.2,303.8,1711.0,38.9,36.0,No Failure,0.4943360359995262
6354,M21213,M,300.0,309.6,1491.0,52.0,27.0,No Failure,0.2982854435910073
1388,L48567,L,298.9,310.1,1823.0,36.1,129.0,No Failure,0.3120098563619245
9168,M24027,M,297.6,308.7,1392.0,51.2,176.0,No Failure,0.27452160265653963
3978,M18837,M,302.2,311.3,1510.0,46.6,89.0,No Failure,0.4221772008923287
5899,L53078,L,296.0,303.7,1300.0,67.2,172.0,Failure,0.9761661490990955
8538,L55717,L,298.6,309.5,1730.0,40.2,39.0,No Failure,0.15460068461678
2779,L49958,L,300.0,309.4,1308.0,60.2,30.0,No Failure,0.47805580879909215
6238,L53417,L,301.4,310.9,1414.0,48.8,160.0,Failure,0.6015535561180504
2778,L49957,L,300.1,309.4,1464.0,51.7,28.0,No Failure,0.39239848039197256
2275,L49454,L,299.3,308.6,1520.0,43.7,74.0,No Failure,0.2890582436791159
4406,L51585,L,302.4,310.2,1331.0,55.5,51.0,Failure,0.6994657870198583
4934,H34347,H,303.4,312.2,1554.0,46.8,83.0,No Failure,0.45652980552749195
6425,M21284,M,300.3,310.0,1409.0,63.2,5.0,Failure,0.5439973512032434
8080,L55259,L,300.2,311.5,1528.0,46.1,123.0,No Failure,0.24923226031218468
3581,L50760,L,296.8,303.6,1650.0,41.9,124.0,Failure,0.8603782359278088
1037,M15896,M,296.4,307.5,1684.0,41.4,70.0,No Failure,0.10402407129840958
2740,L49919,L,299.8,309.2,1572.0,45.4,156.0,Failure,0.684277809228395
7122,M21981,M,300.9,310.4,1375.0,54.7,85.0,No Failure,0.43070330793002354
4522,L51701,L,302.4,310.4,1865.0,33.9,127.0,Failure,0.8313293803130074
6900,L54079,L,300.9,311.6,1671.0,43.5,146.0,Failure,0.5463292321774994
9450,M24309,M,298.1,308.8,1434.0,66.8,95.0,Failure,0.7761710301263873
7205,L54384,L,299.8,309.6,1526.0,66.7,87.0,Failure,0.9493419180699502
8864,L56043,L,298.0,309.2,1731.0,53.7,40.0,Failure,0.5903183527842174
5917,L53096,L,300.6,310.2,1555.0,51.9,17.0,No Failure,0.47582420677750237
4124,M18983,M,302.1,310.6,1517.0,48.9,0.0,No Failure,0.3497684929657615
6537,L53716,L,301.3,310.5,1406.0,67.1,79.0,Failure,0.9328324911175983
8124,H37537,H,300.2,311.5,1515.0,46.8,25.0,No Failure,0.03981757342164693
9729,L56908,L,298.8,309.8,1563.0,43.7,141.0,No Failure,0.2771958531944316
3204,M18063,M,300.1,309.1,1533.0,48.0,24.0,No Failure,0.29472769435228546
7502,L54681,L,300.2,311.7,1640.0,40.8,189.0,No Failure,0.36851762379428205
1753,L48932,L,298.2,307.6,1492.0,47.2,176.0,Failure,0.6599544319103632
2220,M17079,M,299.6,309.1,1435.0,58.4,141.0,Failure,0.796909202682632
4992,M19851,M,303.9,313.0,1475.0,51.0,9.0,No Failure,0.33498418336522456
111,L47290,L,298.8,308.6,1872.0,32.5,80.0,No Failure,0.3200700653022591
6484,L53663,L,300.7,309.9,1412.0,55.3,153.0,Failure,0.8267779071438448
5444,M20303,M,303.0,312.7,1426.0,56.8,97.0,Failure,0.650363329093691
9547,M24406,M,299.7,311.2,1560.0,63.9,122.0,Failure,0.8223256988474803
5400,H34813,H,302.8,312.4,1411.0,63.8,244.0,Failure,0.9623836962783034
7213,M22072,M,299.8,309.7,1705.0,38.5,101.0,No Failure,0.27150642365344574
5485,M20344,M,302.5,312.0,1826.0,35.3,201.0,Failure,0.7466917112898886
4217,L51396,L,301.9,310.7,1370.0,75.3,22.0,Failure,0.9670196226093729
9739,L56918,L,299.0,310.0,1509.0,48.0,166.0,No Failure,0.43838490326172974
2231,L49410,L,299.5,308.7,1446.0,55.7,171.0,Failure,0.8796272673369988
4923,M19782,M,303.4,312.2,1615.0,45.7,54.0,Failure,0.5240752556307512
3607,L50786,L,296.7,303.7,1318.0,65.0,192.0,Failure,0.9860594171993237
3291,L50470,L,301.2,310.2,1385.0,52.3,40.0,No Failure,0.3989951337692252
7849,H37262,H,300.2,311.6,1547.0,47.7,215.0,No Failure,0.39462754472827793
5838,M20697,M,301.3,311.1,1834.0,45.4,18.0,Failure,0.5456486867730331
2911,L50090,L,300.6,309.5,1576.0,48.8,122.0,Failure,0.7948167902971178
67,M14926,M,298.9,308.9,1679.0,53.7,183.0,Failure,0.9124663173563917
5081,L52260,L,304.2,313.3,1410.0,76.6,49.0,Failure,0.9853669469196561
4776,L51955,L,303.5,312.0,1761.0,35.8,103.0,Failure,0.6593677966245821
8045,L55224,L,300.7,311.8,1441.0,48.1,32.0,No Failure,0.08773741402259289
9436,L56615,L,298.0,308.7,1443.0,59.3,50.0,No Failure,0.46442596875027925
3972,H33385,H,302.2,311.4,1625.0,45.4,68.0,No Failure,0.37557183854305115
5340,M20199,M,303.4,312.7,1594.0,42.8,77.0,No Failure,0.35744015846672667
6162,L53341,L,301.0,310.9,1479.0,54.3,192.0,Failure,0.868851065903862
4593,L51772,L,302.9,311.1,1555.0,43.9,94.0,Failure,0.6672000550569394
6438,L53617,L,300.4,310.0,1282.0,76.1,38.0,Failure,0.9205456789461129
5981,M20840,M,300.6,310.7,1654.0,42.0,178.0,Failure,0.5481979605751574
1866,L49045,L,297.9,307.7,1567.0,44.7,72.0,No Failure,0.28820685559143094
9239,M24098,M,298.2,308.8,1456.0,51.2,148.0,No Failure,0.37581261232520907
3274,M18133,M,301.3,309.9,1565.0,46.0,211.0,Failure,0.8577332176560615
9704,L56883,L,298.9,310.0,1422.0,53.6,76.0,No Failure,0.24641584087247037
8940,M23799,M,297.3,308.4,1434.0,54.8,19.0,No Failure,0.1062304992705799
2948,L50127,L,300.7,309.5,1592.0,39.0,15.0,No Failure,0.18019370225735862
2915,H32328,H,295.6,302.6,1888.0,30.5,131.0,Failure,0.6171739703003699
441,L47620,L,297.4,308.5,1389.0,49.2,52.0,No Failure,0.07380001468270923
7564,M22423,M,300.4,311.2,1831.0,33.4,131.0,No Failure,0.233279542185309
3435,M18294,M,301.5,310.5,1412.0,54.1,182.0,Failure,0.820057944783444
7184,L54363,L,300.2,310.3,1445.0,60.9,32.0,Failure,0.6257399766546051
4774,L51953,L,303.6,312.0,1391.0,60.3,99.0,Failure,0.9151090599572871
6218,M21077,M,301.0,310.7,1455.0,66.1,99.0,Failure,0.9051155229040881
6704,M21563,M,301.5,310.7,1744.0,38.2,59.0,No Failure,0.3339904907128123
4107,L51286,L,301.9,310.5,1425.0,76.1,175.0,Failure,0.9975254578264158
2281,L49460,L,299.4,308.8,1390.0,67.0,90.0,Failure,0.9126965425718712
6273,M21132,M,301.1,310.6,1429.0,77.7,37.0,Failure,0.9678446308931032
3966,L51145,L,302.3,311.5,1507.0,47.5,53.0,No Failure,0.42972611046659437
4140,H33553,H,301.7,310.2,1620.0,40.8,40.0,No Failure,0.22274292925548023
2526,M17385,M,298.8,308.6,1598.0,45.1,50.0,No Failure,0.22149104552263107
2009,L49188,L,298.5,308.3,1811.0,44.7,23.0,Failure,0.5386968788386534
6177,L53356,L,301.0,310.9,1515.0,47.3,4.0,No Failure,0.18386281145719388
1212,H30625,H,296.9,308.0,1416.0,56.9,103.0,No Failure,0.22017513902682948
7358,L54537,L,299.6,310.1,1487.0,52.9,40.0,No Failure,0.3117448595482501
7852,L55031,L,300.4,311.7,1373.0,57.2,1.0,No Failure,0.1405639519067201
9540,L56719,L,299.4,310.8,1424.0,57.7,107.0,No Failure,0.4581449664588854
6183,L53362,L,296.0,303.8,1475.0,45.3,17.0,No Failure,0.2853284214382961
8756,M23615,M,297.4,308.7,1582.0,41.9,159.0,No Failure,0.16039925294206678
8301,L55480,L,298.7,310.1,1558.0,47.6,42.0,No Failure,0.13125062477864793
6854,L54033,L,300.9,311.1,1417.0,50.7,22.0,No Failure,0.17481287815516772
8908,M23767,M,297.2,308.6,1404.0,53.7,158.0,No Failure,0.2812547413230155
603,L47782,L,297.9,309.8,2000.0,31.3,27.0,No Failure,0.09067065661913024
4429,L51608,L,297.4,303.1,1906.0,31.2,108.0,Failure,0.9102504321487718
8797,L55976,L,297.2,308.3,1796.0,33.8,59.0,No Failure,0.08731380292313465
2062,L49241,L,294.7,302.6,1359.0,60.7,159.0,Failure,0.9297397829422456
1393,M16252,M,299.0,310.3,1494.0,56.6,142.0,Failure,0.5446064089359977
1792,L48971,L,298.1,307.8,1524.0,50.8,69.0,No Failure,0.4736818086907853
4686,M19545,M,298.6,304.8,1627.0,40.8,102.0,Failure,0.7920305163954438
5817,L52996,L,301.3,311.0,1582.0,45.6,200.0,Failure,0.7967731186582506
4143,L51322,L,296.7,303.1,1424.0,60.2,52.0,Failure,0.940299756030719
726,L47905,L,297.4,308.8,1640.0,44.2,140.0,No Failure,0.3176959964001258
9228,L56407,L,298.0,309.1,1473.0,54.3,122.0,No Failure,0.46537362608606747
6599,L53778,L,301.5,310.7,1424.0,71.1,18.0,Failure,0.9348340797723232
5433,L52612,L,302.8,312.4,1392.0,56.2,68.0,Failure,0.5961498224371411
7053,H36466,H,300.6,310.4,1510.0,52.8,122.0,Failure,0.5318176449529392
1736,L48915,L,298.4,308.0,1380.0,57.6,128.0,Failure,0.7197897212238046
173,M15032,M,298.1,308.0,1924.0,30.8,27.0,No Failure,0.12666921337215098
5692,L52871,L,302.4,311.8,1320.0,76.4,96.0,Failure,0.9784595391276485
4240,L51419,L,302.3,311.0,1446.0,47.6,73.0,No Failure,0.4816426637718671
4295,M19154,M,301.7,310.1,1743.0,52.3,212.0,Failure,0.9859803454151101
8367,M23226,M,298.9,309.8,1836.0,32.8,16.0,No Failure,0.05007968091094555
8500,L55679,L,298.4,309.6,1655.0,40.2,144.0,No Failure,0.2553543294209203
9143,L56322,L,297.6,308.5,1678.0,44.2,112.0,No Failure,0.37536867408237323
9512,L56691,L,299.1,310.3,1449.0,50.7,38.0,No Failure,0.12200675998132753
2949,L50128,L,295.7,302.5,1850.0,34.5,17.0,Failure,0.6043086585289438
8941,H38354,H,297.3,308.3,1935.0,44.3,26.0,No Failure,0.30662985414717586
7304,L54483,L,300.1,310.6,1374.0,55.4,117.0,No Failure,0.4782016436426715
6130,M20989,M,301.0,311.0,1508.0,56.9,111.0,Failure,0.729279582670323
6409,L53588,L,300.3,309.9,1601.0,41.7,178.0,Failure,0.628797357052046
5943,L53122,L,300.7,310.7,1450.0,68.4,82.0,Failure,0.9298889101281745
9644,L56823,L,299.4,310.4,1509.0,50.6,173.0,Failure,0.5795035772472752
735,H30148,H,292.0,301.4,1305.0,64.6,166.0,Failure,0.7035299513350785
2470,L49649,L,299.0,308.7,1507.0,47.5,132.0,Failure,0.5272397193135392
5652,M20511,M,302.5,312.0,1447.0,55.7,208.0,Failure,0.8911965955708803
403,L47582,L,297.4,308.6,1678.0,42.3,178.0,No Failure,0.4491025658990452
7910,L55089,L,300.7,312.2,1590.0,48.5,146.0,No Failure,0.4815586704240926
1713,L48892,L,298.3,307.9,1551.0,43.8,70.0,No Failure,0.26524331555665587
4841,L52020,L,303.4,311.9,1298.0,73.9,57.0,Failure,0.9690362360228134
8675,M23534,M,292.4,301.6,1528.0,39.1,161.0,No Failure,0.18911303491759476
1407,L48586,L,298.9,310.1,1442.0,58.0,179.0,Failure,0.7367765133329263
1902,M16761,M,297.9,307.6,1505.0,50.1,164.0,Failure,0.607031644185429
2322,M17181,M,299.2,308.8,1314.0,62.5,191.0,Failure,0.8576158852645908
5708,L52887,L,302.4,311.8,1448.0,53.4,139.0,Failure,0.7873370481957084
5111,M19970,M,304.0,313.5,1732.0,36.2,124.0,No Failure,0.43461090133683083
5621,L52800,L,303.0,312.3,1533.0,48.5,132.0,Failure,0.7454995344662982
6068,L53247,L,301.0,311.0,1582.0,57.5,172.0,Failure,0.9427832199341326
3390,M18249,M,301.5,310.7,1416.0,63.2,67.0,Failure,0.8134060547803463
9872,M24731,M,298.9,309.8,1947.0,31.7,103.0,No Failure,0.22099153836432145
8984,M23843,M,297.0,307.7,1261.0,76.1,132.0,Failure,0.8859380839347638
5707,L52886,L,302.4,311.9,1290.0,80.0,137.0,Failure,0.9908912196598746
7802,L54981,L,300.0,311.4,1383.0,59.6,99.0,No Failure,0.4573502593949709
1600,L48779,L,297.9,308.0,1490.0,56.2,4.0,No Failure,0.3669513851400869
7325,M22184,M,294.9,303.4,1820.0,36.6,173.0,Failure,0.7178070850799331
7413,L54592,L,300.0,311.0,1637.0,43.6,179.0,Failure,0.5291137580820422
5226,M20085,M,304.0,313.2,1437.0,63.9,5.0,Failure,0.7590298158317024
1101,H30514,H,296.8,307.5,1695.0,40.0,31.0,No Failure,0.050443267142125346
4920,L52099,L,303.3,312.2,1506.0,50.0,48.0,Failure,0.5902246370165365
733,L47912,L,297.2,308.6,1924.0,32.1,161.0,No Failure,0.3396744083687535
1886,L49065,L,298.0,307.6,1683.0,42.8,120.0,Failure,0.5789025102467594
371,M15230,M,297.5,308.3,1622.0,47.2,101.0,No Failure,0.29341194977872
9743,L56922,L,298.9,310.2,1623.0,47.2,175.0,Failure,0.5704030822546932
8363,L55542,L,298.6,309.6,1353.0,82.5,5.0,Failure,0.9222686437480369
2693,L49872,L,300.1,309.7,1641.0,40.4,39.0,No Failure,0.2245994241475503
3997,M18856,M,302.3,311.3,1625.0,43.1,135.0,Failure,0.630463386975421
8455,L55634,L,298.6,310.0,1522.0,50.3,30.0,No Failure,0.13763009947602384
7811,L54990,L,295.1,304.5,2218.0,27.0,121.0,Failure,0.7541439534058285
460,L47639,L,292.4,301.6,1476.0,52.3,105.0,Failure,0.5363244734080148
2624,M17483,M,299.6,309.4,1283.0,72.1,81.0,Failure,0.8455662927568706
5423,M20282,M,302.7,312.4,1422.0,54.5,47.0,No Failure,0.38448952220965127
9173,L56352,L,297.7,308.9,1715.0,37.2,191.0,No Failure,0.3471407894479842
6986,H36399,H,300.8,311.1,1698.0,34.8,154.0,No Failure,0.16904901666547242
7571,H36984,H,300.2,311.0,1777.0,37.5,149.0,No Failure,0.25708909793260015
3799,L50978,L,302.1,310.8,1786.0,35.7,45.0,No Failure,0.45107578792966313
2762,L49941,L,294.8,302.3,1299.0,75.1,210.0,Failure,0.9962363369369309
3023,L50202,L,300.5,309.6,1760.0,40.6,211.0,Failure,0.8999199884143527
3054,H32467,H,300.2,309.3,1506.0,45.6,61.0,No Failure,0.1871718143590456
7081,L54260,L,300.7,310.4,1543.0,57.3,201.0,Failure,0.9552549431893479
6482,L53661,L,300.7,309.8,1406.0,58.4,149.0,Failure,0.8878105574881351
479,L47658,L,297.4,309.0,1833.0,32.6,159.0,No Failure,0.20790704861932338
7587,L54766,L,295.4,304.1,1589.0,45.5,189.0,Failure,0.807472989991254
7366,L54545,L,299.6,310.1,2057.0,30.4,58.0,No Failure,0.3624172805425128
9703,L56882,L,298.9,310.0,1633.0,41.2,74.0,No Failure,0.13703435864031138
7038,L54217,L,300.6,310.6,1514.0,49.5,85.0,No Failure,0.45548441968008374
6371,L53550,L,300.1,309.6,1321.0,56.9,73.0,No Failure,0.48302327380493176
73,L47252,L,298.9,309.1,1369.0,54.4,196.0,Failure,0.6968538804255263
3520,M18379,M,301.9,310.9,1569.0,42.5,186.0,Failure,0.6636981941219788
3372,L50551,L,301.4,310.7,1989.0,31.8,17.0,No Failure,0.41779581000552357
4561,L51740,L,302.7,310.7,1597.0,51.9,13.0,Failure,0.8047716220186268
1026,L48205,L,296.2,307.3,1475.0,47.0,42.0,No Failure,0.07179360892192042
8538,L55717,L,298.6,309.5,1730.0,50.2,37.0,No Failure,0.49525152159580943
1668,L48847,L,298.2,307.9,1769.0,37.2,186.0,Failure,0.6775395881459958
4731,L51910,L,298.3,304.7,1508.0,45.5,215.0,Failure,0.9551388241429606
3064,L50243,L,300.0,309.1,1431.0,55.4,88.0,Failure,0.7060656249384245
5994,M20853,M,300.7,310.6,1407.0,52.4,216.0,Failure,0.7198985246491932
5341,L52520,L,303.5,312.7,1393.0,59.3,80.0,Failure,0.8046688549768855
4735,L51914,L,303.2,311.5,1507.0,59.2,221.0,Failure,0.9898567205147545
7497,L54676,L,300.2,311.8,1464.0,54.5,177.0,Failure,0.5965466800972008
1868,L49047,L,298.1,307.9,1502.0,51.8,77.0,No Failure,0.48795814941766547
4299,M19158,M,301.8,310.2,1437.0,52.3,-2.0,No Failure,0.3633471890657636
8020,L55199,L,301.0,312.1,1675.0,40.7,198.0,Failure,0.5350212190205121
8647,L55826,L,297.5,308.6,1497.0,53.9,89.0,No Failure,0.37399588748953155
5135,L52314,L,304.1,313.3,1438.0,55.5,186.0,Failure,0.9235442432178216
3084,L50263,L,295.1,302.3,1712.0,38.5,139.0,Failure,0.8064671547261905
6432,L53611,L,300.2,309.8,1353.0,69.4,24.0,Failure,0.8300716501349232
9958,L57137,L,298.1,307.8,1606.0,43.0,128.0,No Failure,0.46949085965165954
1872,L49051,L,298.3,308.1,1840.0,31.5,86.0,No Failure,0.24884474155299455
2019,L49198,L,293.7,301.5,1375.0,56.4,46.0,Failure,0.617573861406371
6862,H36275,H,296.1,304.3,2207.0,26.6,41.0,Failure,0.5028448923834204
9848,L57027,L,298.4,309.1,1362.0,56.1,35.0,No Failure,0.1990324599897375
2827,M17686,M,300.3,309.4,1612.0,43.1,148.0,Failure,0.5922962390268998
6662,M21521,M,296.3,303.4,1501.0,49.8,185.0,Failure,0.9071949384209544
3252,L50431,L,296.1,302.6,1501.0,46.1,154.0,Failure,0.8876348660692903
8516,L55695,L,293.2,302.4,1443.0,55.4,185.0,Failure,0.8256591322353563
270,L47449,L,298.0,308.0,1524.0,62.0,51.0,Failure,0.7953410886999781
5132,L52311,L,304.1,313.3,1452.0,53.9,180.0,Failure,0.903364660247739
1932,M16791,M,298.2,308.0,1969.0,31.7,30.0,No Failure,0.20449757807610025
2150,L49329,L,299.4,309.0,1613.0,52.2,174.0,Failure,0.9063236652320726
8794,L55973,L,292.4,301.5,1782.0,35.9,52.0,No Failure,0.22961504531888133
1917,L49096,L,298.0,307.7,1387.0,60.8,202.0,Failure,0.9159999102335447
3000,L50179,L,300.5,309.7,1395.0,71.0,155.0,Failure,0.9842552238983974
793,L47972,L,296.8,307.8,1373.0,67.9,76.0,Failure,0.7067728519536989
2317,L49496,L,299.2,308.8,1542.0,49.2,177.0,Failure,0.7861601052162029
8370,L55549,L,298.8,309.7,1953.0,30.6,23.0,No Failure,0.11643564153704815
6365,M21224,M,299.9,309.6,1489.0,51.7,54.0,No Failure,0.34328732003501483
6853,H36266,H,301.0,311.2,1602.0,42.7,17.0,No Failure,0.07080262131552953
2259,L49438,L,299.1,308.2,1319.0,70.3,34.0,Failure,0.868707152473569
4785,L51964,L,298.9,305.6,1642.0,42.3,125.0,Failure,0.8904874075666785
6287,L53466,L,301.1,310.6,1611.0,45.2,68.0,No Failure,0.4769675477095057
6932,M21791,M,300.8,311.4,1521.0,49.9,13.0,No Failure,0.14036770822761474
9922,M24781,M,298.5,308.7,1347.0,58.5,31.0,No Failure,0.23047945645238657
5391,H34804,H,302.8,312.3,1483.0,67.2,219.0,Failure,0.9829073612867691
8805,M23664,M,297.5,308.6,1255.0,70.7,75.0,Failure,0.5298855192370754
2839,L50018,L,300.3,309.3,1478.0,49.5,178.0,Failure,0.8090072574994078
9092,M23951,M,297.2,308.0,1765.0,41.1,189.0,Failure,0.5382505911771994
2734,L49913,L,299.7,309.2,1422.0,50.4,138.0,Failure,0.5763458976004762
9971,H39384,H,293.4,301.1,1891.0,34.7,156.0,Failure,0.7038406069644146
4733,L51912,L,303.3,311.7,1539.0,48.5,219.0,Failure,0.9470818253790647
2299,L49478,L,299.3,308.6,1482.0,47.6,130.0,Failure,0.5580856917041447
3066,M17925,M,300.1,309.2,1687.0,37.7,93.0,No Failure,0.31619600869448
5155,L52334,L,304.2,313.4,1568.0,47.6,23.0,No Failure,0.4801230197774319
7390,L54569,L,299.8,310.6,1707.0,42.5,122.0,No Failure,0.4460899957563406
4718,M19577,M,298.4,304.6,1425.0,55.4,182.0,Failure,0.9702852106477383
5883,L53062,L,301.4,311.1,1469.0,46.9,131.0,No Failure,0.4863181273346842
158,H29571,H,298.4,308.2,1478.0,53.5,204.0,Failure,0.71126191183429
3006,L50185,L,300.5,309.9,1503.0,57.4,171.0,Failure,0.9315481925935932
5672,H35085,H,297.2,304.6,1534.0,47.2,39.0,No Failure,0.4061064179012226
3197,L50376,L,300.0,309.1,1489.0,50.3,5.0,No Failure,0.3371310671739414
6291,L53470,L,301.0,310.5,1932.0,31.7,77.0,No Failure,0.46778832675861265
9201,M24060,M,297.9,308.8,1602.0,42.1,57.0,No Failure,0.07683187830831571
1141,M16000,M,296.9,307.9,1385.0,69.8,146.0,Failure,0.8550498184184884
8110,L55289,L,300.3,311.7,1821.0,36.3,200.0,Failure,0.5325560042472579
9804,L56983,L,298.4,309.2,1692.0,39.8,135.0,No Failure,0.3250497008271417
8580,M23439,M,292.4,301.1,1620.0,41.2,141.0,No Failure,0.4029410277782761
6335,M21194,M,300.4,309.8,1725.0,55.4,197.0,Failure,0.9750757431212816
2034,H31447,H,298.8,308.5,1359.0,72.6,87.0,Failure,0.8755571568748108
8007,L55186,L,300.9,312.1,1462.0,56.0,164.0,Failure,0.6902412167046221
2741,L49920,L,299.6,309.0,1525.0,52.8,158.0,Failure,0.8492048187982307
1056,L48235,L,296.8,307.8,1480.0,59.4,118.0,Failure,0.6664047456234595
9264,L56443,L,298.3,309.1,1593.0,50.1,16.0,No Failure,0.23404654385767612
506,L47685,L,297.6,309.3,1610.0,45.0,4.0,No Failure,0.05862418397758581
5075,L52254,L,304.1,313.1,1666.0,54.6,29.0,Failure,0.8786840484120508
4786,H34199,H,303.9,312.7,1401.0,60.0,127.0,Failure,0.8402735751526282
536,H29949,H,297.4,309.3,1365.0,62.4,74.0,No Failure,0.17484891058937782
4504,M19363,M,302.5,310.2,1751.0,40.5,88.0,Failure,0.7760318241448567
4269,L51448,L,297.7,304.0,1694.0,39.8,148.0,Failure,0.9232936128237892
5595,L52774,L,302.6,311.9,1598.0,55.5,65.0,Failure,0.858834259089695
4730,L51909,L,303.4,311.8,1306.0,71.0,213.0,Failure,0.9938623699963715
2756,L49935,L,299.7,309.2,1478.0,48.8,197.0,Failure,0.7638233334469722
7493,M22352,M,300.3,311.7,1319.0,61.4,168.0,Failure,0.5498960335672715
9268,L56447,L,298.2,308.8,1362.0,67.3,26.0,Failure,0.6114595991794232
3761,L50940,L,297.3,303.9,1377.0,56.8,164.0,Failure,0.9616587842856924
9007,L56186,L,297.3,307.9,1417.0,51.8,184.0,Failure,0.5357437871221885
9665,L56844,L,299.1,310.2,1317.0,64.8,229.0,Failure,0.8890335087517018
1855,M16714,M,297.6,307.2,1470.0,52.6,42.0,No Failure,0.28751703167553516
2348,L49527,L,299.2,308.3,1410.0,68.0,28.0,Failure,0.8849538528413697
9682,M24541,M,299.1,310.1,1412.0,54.4,22.0,No Failure,0.11074351493888246
4390,M19249,M,302.1,310.0,1355.0,55.1,4.0,No Failure,0.4533810900039181
8899,L56078,L,297.4,308.6,1532.0,48.7,134.0,No Failure,0.3401116652639867
6011,H35424,H,300.7,310.7,1428.0,53.4,24.0,No Failure,0.15227047158149354
8881,L56060,L,298.0,309.2,1458.0,49.8,85.0,No Failure,0.1744911290278832
682,M15541,M,297.7,309.0,1656.0,43.2,18.0,No Failure,0.06111209923788265
7232,L54411,L,299.8,309.9,1553.0,46.6,155.0,Failure,0.5879946644896137
8952,L56131,L,297.3,308.1,1763.0,38.4,52.0,No Failure,0.15984012739386577
3581,L50760,L,301.8,310.6,1650.0,41.9,124.0,Failure,0.7053533765233805
7389,M22248,M,294.8,303.6,1694.0,41.3,119.0,No Failure,0.49381466127482304
1678,M16537,M,297.9,307.5,1647.0,40.8,210.0,Failure,0.6145426814101862
2431,M17290,M,298.9,308.2,1335.0,72.8,42.0,Failure,0.8753551804279414
4878,M19737,M,303.7,312.4,1546.0,43.7,147.0,Failure,0.6428289285667229
529,M15388,M,297.5,309.5,1553.0,52.4,58.0,No Failure,0.1373557502938476
5581,M20440,M,297.6,305.2,1458.0,48.8,32.0,No Failure,0.40398517249710314
4306,L51485,L,301.6,310.1,1687.0,36.6,14.0,No Failure,0.2661056050772769
5712,L52891,L,302.2,311.6,1545.0,45.9,150.0,Failure,0.6914032250750877
1426,L48605,L,298.6,309.7,1356.0,64.0,4.0,No Failure,0.32218277674988866
7194,L54373,L,300.1,310.1,1306.0,74.7,55.0,Failure,0.9081118999100114
1986,L49165,L,293.1,300.7,1537.0,50.8,167.0,Failure,0.9057389164784025
3883,L51062,L,302.5,311.6,1419.0,53.7,37.0,Failure,0.5155645143562405
3439,L50618,L,301.4,310.4,1471.0,47.5,191.0,Failure,0.7888789695003582
5745,H35158,H,302.2,311.5,1482.0,52.6,14.0,No Failure,0.26731307329202164
7016,L54195,L,300.5,310.5,1452.0,52.9,27.0,No Failure,0.315722505953299
2720,L49899,L,299.5,309.2,1690.0,39.2,106.0,No Failure,0.40874997453743817
2282,L49461,L,299.3,308.7,1536.0,48.9,92.0,Failure,0.5642407569459967
3386,L50565,L,301.5,310.7,1466.0,53.6,54.0,Failure,0.6048779718755
3391,H32804,H,301.5,310.7,1599.0,50.4,70.0,Failure,0.5337429628710753
973,L48152,L,295.8,306.6,1644.0,45.2,113.0,No Failure,0.34507678675707554
9341,H38754,H,298.4,308.9,1577.0,47.1,-2.0,No Failure,0.064876777700792
5748,L52927,L,302.1,311.5,1533.0,49.4,24.0,No Failure,0.4222162712421183
8721,L55900,L,297.3,308.8,1554.0,46.1,68.0,No Failure,0.11646678448319958
4606,H34019,H,302.9,311.0,1469.0,58.7,128.0,Failure,0.9092290318372227
8828,L56007,L,297.2,308.7,1463.0,59.9,144.0,Failure,0.6657958863634699
2759,M17618,M,299.7,309.2,1412.0,55.3,203.0,Failure,0.8165861633698311
5303,L52482,L,303.9,313.1,1491.0,47.2,193.0,Failure,0.8183558399907068
4795,L51974,L,303.6,312.6,1699.0,37.9,158.0,Failure,0.726502162495182
4741,L51920,L,303.3,311.5,1601.0,45.2,8.0,Failure,0.5373938766617155
9613,M24472,M,299.0,310.2,1625.0,41.8,87.0,No Failure,0.10844530106754559
4381,L51560,L,301.9,309.6,1410.0,59.0,221.0,Failure,0.9851577366594169
8429,M23288,M,299.0,310.3,1827.0,38.0,176.0,No Failure,0.42176087127806083
1561,M16420,M,298.2,308.4,1510.0,49.9,132.0,No Failure,0.4261852924554318
2222,L49401,L,299.6,309.0,1372.0,70.4,147.0,Failure,0.9723402289161464
6744,L53923,L,301.7,311.2,1418.0,48.0,164.0,Failure,0.5938560416999578
972,L48151,L,295.9,306.6,1557.0,51.1,111.0,No Failure,0.4581782034232057
3709,L50888,L,302.1,311.4,1549.0,64.6,27.0,Failure,0.9237435163105541
2079,M16938,M,299.4,309.3,1692.0,38.4,199.0,Failure,0.5350275781158361
2175,L49354,L,299.6,309.2,1572.0,43.4,18.0,No Failure,0.1815726647146099
4091,L51270,L,302.0,310.5,2197.0,25.8,131.0,Failure,0.8927071747020673
2397,M17256,M,299.1,308.5,1592.0,44.2,151.0,Failure,0.5387733068154068
1044,L48223,L,291.5,300.6,1431.0,55.2,88.0,Failure,0.5272794480567179
9601,M24460,M,298.9,310.0,1561.0,55.3,56.0,No Failure,0.36018729340193334
6435,M21294,M,300.3,309.9,1494.0,48.5,31.0,No Failure,0.20508966755945723
9688,M24547,M,299.1,310.1,1649.0,41.6,39.0,No Failure,0.07919036501684434
2330,L49509,L,299.3,308.7,1484.0,50.5,211.0,Failure,0.8480421163624219
9461,M24320,M,298.4,309.2,1399.0,55.2,123.0,No Failure,0.3425953154467041
4403,H33816,H,302.3,310.2,1506.0,43.8,41.0,No Failure,0.2636946041412716
6787,L53966,L,301.2,310.6,1409.0,60.9,64.0,Failure,0.7779034656946302
6147,M21006,M,301.1,311.1,1470.0,50.6,157.0,Failure,0.5655729284801208
2259,L49438,L,294.1,301.2,1319.0,70.3,34.0,Failure,0.944542756636665
1238,M16097,M,297.1,308.4,1502.0,47.3,179.0,No Failure,0.2612520667976933
1526,L48705,L,298.2,309.0,2449.0,23.8,43.0,Failure,0.6044301408883191
6601,M21460,M,301.5,310.6,1424.0,57.0,24.0,No Failure,0.49542465645449324
8448,L55627,L,298.6,310.1,1439.0,59.9,15.0,No Failure,0.26536490759017867
6559,M21418,M,301.5,310.6,1447.0,61.9,136.0,Failure,0.9182938914885211
2907,L50086,L,300.6,309.3,1409.0,58.7,111.0,Failure,0.8716489923286351
695,L47874,L,297.6,309.1,1394.0,70.0,58.0,Failure,0.7050396344208789
7997,M22856,M,301.0,312.2,1499.0,51.5,138.0,No Failure,0.38513194951808905
5363,L52542,L,303.2,312.6,1281.0,67.0,142.0,Failure,0.9317398153522907
9535,L56714,L,299.3,310.6,1443.0,55.7,95.0,No Failure,0.3831810170269552
41,L47220,L,298.8,309.1,1362.0,55.4,111.0,No Failure,0.44524529114142947
1527,L48706,L,298.1,309.0,1787.0,37.6,45.0,No Failure,0.15125307501394378
7512,L54691,L,300.4,311.8,1601.0,46.1,-2.0,No Failure,0.09290813846267865
763,M15622,M,291.7,300.8,1286.0,70.5,-2.0,Failure,0.5437836270034228
1038,H30451,H,296.4,307.5,1596.0,45.1,73.0,No Failure,0.07600021077870503
8757,L55936,L,297.5,308.7,1761.0,36.2,162.0,No Failure,0.2921667507952051
6517,H35930,H,301.1,310.0,1470.0,50.1,21.0,No Failure,0.2236522498597868
3569,L50748,L,301.8,310.6,1372.0,64.7,93.0,Failure,0.9236064462412471
7040,H36453,H,300.6,310.5,1519.0,47.0,89.0,No Failure,0.21472867550968897
411,M15270,M,297.5,308.6,1472.0,69.9,200.0,Failure,0.9551035920510706
8106,L55285,L,300.4,311.9,1476.0,58.7,187.0,Failure,0.8027417639054625
4400,L51579,L,302.3,310.1,1653.0,39.7,32.0,Failure,0.5151237166612894
5290,M20149,M,303.9,313.3,1507.0,44.3,159.0,Failure,0.5295266456221494
4647,L51826,L,303.3,311.4,1497.0,56.0,232.0,Failure,0.9860204172525486
5534,L52713,L,302.4,311.7,1721.0,36.9,110.0,Failure,0.5060188078093403
8968,L56147,L,297.1,307.8,1536.0,50.4,90.0,No Failure,0.3552246757809661
3650,L50829,L,297.2,304.5,1481.0,50.4,91.0,Failure,0.8015427182403461
2140,L49319,L,299.3,309.0,1415.0,57.6,154.0,Failure,0.8210513151573755
9276,L56455,L,298.2,308.7,1605.0,39.4,45.0,No Failure,0.08646883101328812
7952,M22811,M,300.9,311.8,1843.0,34.5,23.0,No Failure,0.08764092498665943
5632,L52811,L,302.8,312.2,1515.0,46.8,160.0,Failure,0.7189889038102102
794,M15653,M,296.8,307.9,1683.0,41.8,74.0,No Failure,0.11861595048916161
753,L47932,L,296.9,308.1,1422.0,58.7,213.0,Failure,0.7826311535183418
1632,L48811,L,298.0,308.0,1433.0,49.2,85.0,No Failure,0.26922591002890517
6003,L53182,L,295.5,303.3,1683.0,41.5,6.0,No Failure,0.4126335000957661
1055,H30468,H,296.8,307.8,1627.0,55.5,119.0,Failure,0.5454293472775673
2036,M16895,M,298.9,308.6,1469.0,44.2,91.0,No Failure,0.1583362952172826
8259,L55438,L,294.1,303.6,1602.0,49.7,142.0,Failure,0.7246076654175934
7231,L54410,L,299.8,309.8,1542.0,49.4,153.0,Failure,0.6904745522593443
7480,M22339,M,300.1,311.3,1523.0,44.1,133.0,No Failure,0.15303789932352357
12,H29425,H,298.6,309.1,1423.0,54.3,27.0,No Failure,0.11071039268370897
7010,L54189,L,300.5,310.5,1536.0,46.2,10.0,No Failure,0.1720373787997627
3315,L50494,L,301.4,310.5,1489.0,53.5,96.0,Failure,0.7624811983521945
5737,M20596,M,302.4,311.9,1439.0,61.6,214.0,Failure,0.9578947500175782
4946,L52125,L,303.6,312.7,1418.0,54.1,116.0,Failure,0.7754658464000663
2605,M17464,M,299.3,309.1,1385.0,55.6,32.0,No Failure,0.2520824198146916
4490,L51669,L,302.5,310.4,1487.0,50.2,46.0,Failure,0.7036569483088289
1530,L48709,L,298.1,309.0,1557.0,46.0,54.0,No Failure,0.15159941841926944
5906,H35319,H,300.8,310.5,1582.0,41.1,191.0,No Failure,0.3997314018284335
8506,L55685,L,293.4,302.7,1530.0,48.6,159.0,Failure,0.643972183493804
1351,L48530,L,298.7,310.2,1436.0,57.5,30.0,No Failure,0.22349918493745558
6093,L53272,L,300.9,310.7,1658.0,38.5,16.0,No Failure,0.14006710250432533
2712,L49891,L,299.6,309.1,1407.0,60.6,83.0,Failure,0.7733915231621729
849,L48028,L,296.3,307.4,1465.0,57.1,213.0,Failure,0.7882406940990581
6494,L53673,L,300.7,309.8,1363.0,63.1,181.0,Failure,0.9523323433144767
5006,M19865,M,303.7,312.9,1444.0,62.7,44.0,Failure,0.8127228002826034
4010,L51189,L,302.2,311.2,1630.0,56.0,165.0,Failure,0.9726216380967744
4255,L51434,L,302.6,311.0,1284.0,93.0,116.0,Failure,0.9993703135416703
8078,L55257,L,295.3,304.8,1547.0,49.7,119.0,Failure,0.5996279746245373
1560,L48739,L,298.2,308.3,1458.0,51.8,130.0,Failure,0.5356712616942215
18,M14877,M,298.7,309.2,1410.0,55.6,45.0,No Failure,0.2166921443862662
3497,L50676,L,301.9,310.9,1309.0,58.0,122.0,Failure,0.7634282039982778
7813,L54992,L,300.0,311.5,1666.0,42.0,126.0,No Failure,0.2708411477468303
1277,M16136,M,298.2,309.4,1693.0,44.4,71.0,No Failure,0.18516758782285272
9565,L56744,L,299.8,311.1,1820.0,34.9,172.0,No Failure,0.3890728462352676
1348,L48527,L,293.7,303.2,1717.0,37.3,24.0,No Failure,0.1263359500090059
8511,L55690,L,298.3,309.7,1484.0,54.3,171.0,Failure,0.5957406912570136
7292,L54471,L,300.2,310.5,1416.0,56.7,88.0,Failure,0.5469810771687013
9911,L57090,L,298.6,309.0,1469.0,66.0,0.0,Failure,0.6872627241548727
4609,M19468,M,298.0,304.2,1519.0,48.0,137.0,Failure,0.903760707467755
5630,L52809,L,302.7,312.2,1405.0,61.4,155.0,Failure,0.9274559481592074
1976,L49155,L,298.0,307.7,1422.0,55.6,138.0,Failure,0.7131109576171897
6920,L54099,L,301.0,311.5,1444.0,49.8,195.0,Failure,0.6256605141428966
9842,M24701,M,293.3,302.2,1359.0,61.4,19.0,No Failure,0.4160842833471825
7827,L55006,L,299.8,311.1,1300.0,74.2,163.0,Failure,0.9333888226606538
4683,L51862,L,303.6,311.8,1567.0,51.7,93.0,Failure,0.8960616730590534
3752,L50931,L,302.4,311.1,1520.0,52.2,141.0,Failure,0.8905188192008032
6277,L53456,L,301.2,310.8,1233.0,74.6,43.0,Failure,0.8805912761804603
1464,L48643,L,298.8,310.1,1607.0,49.5,103.0,No Failure,0.4083690464724563
1679,L48858,L,298.0,307.5,1644.0,42.8,213.0,Failure,0.7902717189251882
1691,M16550,M,297.9,307.4,1435.0,52.9,16.0,No Failure,0.208682778699287
5134,L52313,L,304.1,313.2,1824.0,35.8,184.0,Failure,0.8543885630825707
3620,L50799,L,296.9,304.2,1435.0,54.2,14.0,Failure,0.671297574711184
4671,L51850,L,303.2,311.4,1610.0,60.5,65.0,Failure,0.9720273573390332
2247,L49426,L,299.3,308.4,1406.0,57.4,1.0,No Failure,0.46627445462759787
6271,L53450,L,300.9,310.4,2021.0,28.8,28.0,No Failure,0.3391549991261206
2182,H31595,H,299.5,309.1,1548.0,54.3,38.0,No Failure,0.4004076286603304
6490,M21349,M,300.7,309.8,1490.0,58.8,169.0,Failure,0.926703984693543
1121,H30534,H,296.6,307.7,1654.0,41.0,89.0,No Failure,0.07021525553567794
5441,H34854,H,298.0,305.5,1698.0,40.0,87.0,Failure,0.5286730365338506
9229,M24088,M,298.1,309.1,1572.0,47.5,124.0,No Failure,0.2783576624384716
139,H29552,H,298.8,308.6,1449.0,59.4,148.0,Failure,0.7357230095093725
2689,L49868,L,299.9,309.4,1322.0,63.9,31.0,Failure,0.6394352218809931
7211,M22070,M,299.8,309.6,1331.0,60.2,96.0,Failure,0.5508577797765581
5125,M19984,M,304.2,313.5,1557.0,57.3,160.0,Failure,0.9415644087528271
3491,M18350,M,301.9,310.9,1763.0,38.4,101.0,Failure,0.5465001238714946
2481,L49660,L,299.0,308.6,1734.0,42.4,159.0,Failure,0.7655087673794223
3460,L50639,L,301.5,310.4,1270.0,74.2,22.0,Failure,0.917960631670787
7249,L54428,L,300.0,310.1,1762.0,38.0,200.0,Failure,0.7094412084163656
8620,H38033,H,297.6,308.6,1480.0,64.8,21.0,No Failure,0.3972148869009665
1421,M16280,M,298.8,309.9,1495.0,45.2,212.0,No Failure,0.324299746380621
8093,M22952,M,295.2,304.6,1513.0,50.8,155.0,Failure,0.6142998203183069
9693,M24552,M,299.0,310.0,1667.0,55.0,55.0,Failure,0.5378117728880606
2018,L49197,L,298.7,308.5,1483.0,52.5,44.0,No Failure,0.39384308287188285
8477,L55656,L,298.5,309.6,1585.0,52.2,85.0,No Failure,0.4554055640934926
3426,M18285,M,301.5,310.5,1623.0,58.5,159.0,Failure,0.9673536750102868
7036,L54215,L,300.6,310.6,1497.0,48.2,81.0,No Failure,0.3620953881610529
9961,L57140,L,298.2,307.8,1575.0,45.0,135.0,Failure,0.5444928961307504
5681,M20540,M,302.2,311.6,1386.0,70.5,65.0,Failure,0.9177888773991482
6070,L53249,L,295.9,303.9,1601.0,44.0,179.0,Failure,0.8394625673443041
4538,L51717,L,302.3,310.2,1548.0,45.3,168.0,Failure,0.8806121686991774
1381,L48560,L,298.7,310.1,1786.0,37.7,112.0,No Failure,0.2421053350366976
8775,M23634,M,297.6,308.7,1408.0,71.5,0.0,Failure,0.5803996740039981
2387,L49566,L,299.1,308.4,1543.0,57.9,126.0,Failure,0.9114607840339553
8396,M23255,M,293.5,302.5,1483.0,54.8,90.0,Failure,0.5584515351226945
440,M15299,M,297.4,308.3,1535.0,44.6,49.0,No Failure,0.06557578142000753
4943,L52122,L,303.5,312.6,1602.0,44.2,106.0,Failure,0.6570168098716621
3367,M18226,M,301.4,310.7,1692.0,42.3,3.0,No Failure,0.24204448687351052
4880,H34293,H,298.7,305.5,1520.0,45.6,152.0,Failure,0.7782213142253455
7721,H37134,H,300.5,311.6,1476.0,61.7,93.0,Failure,0.5346468943728213
3321,L50500,L,296.5,303.5,2289.0,26.4,110.0,Failure,0.9579730706814203
6419,H35832,H,300.3,309.9,1405.0,62.1,203.0,Failure,0.8971800419089677
4843,M19702,M,303.3,311.8,1489.0,59.4,62.0,Failure,0.8684574029279907
895,L48074,L,295.6,306.2,1426.0,58.6,122.0,Failure,0.6025156980132577
9125,L56304,L,297.4,308.4,1426.0,75.4,72.0,Failure,0.9252240393675969
6826,L54005,L,301.0,310.9,1828.0,50.1,168.0,Failure,0.9612423267122733
6323,M21182,M,300.7,310.1,1483.0,50.2,160.0,Failure,0.6682468315832204
1848,L49027,L,297.8,307.3,1412.0,60.7,22.0,Failure,0.5829290285238028
3950,L51129,L,302.3,311.5,1384.0,60.8,11.0,Failure,0.6493157382965024
8186,L55365,L,299.7,311.1,1554.0,51.0,190.0,Failure,0.6596502033734241
4226,L51405,L,302.1,310.7,1359.0,69.3,37.0,Failure,0.9327421091875518
8656,L55835,L,297.3,308.3,1268.0,70.6,117.0,Failure,0.7698075007738455
198,M15057,M,298.4,308.6,1527.0,50.9,94.0,No Failure,0.38076287675043785
9854,L57033,L,298.6,309.4,1525.0,47.8,52.0,No Failure,0.17593753915111554
5186,L52365,L,304.0,313.0,2012.0,31.1,113.0,Failure,0.7981197955848142
2163,L49342,L,299.5,309.1,1336.0,52.1,215.0,Failure,0.716749451824287
6338,M21197,M,300.4,309.8,1435.0,53.6,201.0,Failure,0.8117474347322414
9313,H38726,H,298.5,309.4,1573.0,43.6,141.0,No Failure,0.1530242723055094
6896,M21755,M,301.0,311.6,1357.0,55.6,135.0,No Failure,0.41363045063143256
5987,L53166,L,300.6,310.7,1440.0,62.5,198.0,Failure,0.949441318271762
9605,H39018,H,299.0,310.2,1637.0,48.0,66.0,No Failure,0.15940210217768153
2831,M17690,M,300.4,309.3,1411.0,51.6,158.0,Failure,0.6786173339297639
7718,L54897,L,300.5,311.6,1365.0,63.0,83.0,Failure,0.5819571653532478
8152,L55331,L,299.5,310.7,1472.0,65.9,106.0,Failure,0.8438381835809361
274,L47453,L,298.1,308.0,1426.0,56.0,59.0,No Failure,0.4640208311857329
5006,M19865,M,303.7,312.9,1444.0,77.7,48.0,Failure,0.9833442448876455
226,L47405,L,298.3,308.5,1362.0,63.8,162.0,Failure,0.8696296628697029
6795,L53974,L,296.3,303.8,1428.0,65.2,86.0,Failure,0.9638867571280355
3535,M18394,M,302.0,311.1,1769.0,36.0,8.0,No Failure,0.19086303913699723
653,L47832,L,297.7,309.2,1391.0,54.5,157.0,No Failure,0.37638370670216625
4713,L51892,L,303.4,311.8,1564.0,60.9,173.0,Failure,0.9898710881610294
6521,M21380,M,301.2,310.1,1666.0,44.9,35.0,No Failure,0.4498602094857707
9789,M24648,M,298.5,309.5,1535.0,49.8,85.0,No Failure,0.21780449203825922
4694,M19553,M,303.4,311.5,1817.0,34.7,123.0,Failure,0.7214394815308618
8210,L55389,L,299.3,310.8,1391.0,56.9,19.0,No Failure,0.1492235351466154
3675,L50854,L,302.2,311.5,1346.0,77.4,159.0,Failure,0.9934848042958252
8065,L55244,L,300.5,311.8,1596.0,54.8,83.0,Failure,0.5860307632367208
7345,L54524,L,299.6,310.1,1384.0,74.8,13.0,Failure,0.8701541416965388
5284,L52463,L,298.8,306.2,1525.0,51.9,143.0,Failure,0.9363589211895262
4956,M19815,M,298.8,305.5,1366.0,55.1,141.0,Failure,0.9001245741621423
9622,M24481,M,299.0,310.0,2049.0,29.5,109.0,No Failure,0.2825132411942277
2502,M17361,M,299.1,308.9,1476.0,52.7,223.0,Failure,0.8146303618200469
4547,M19406,M,302.5,310.4,1429.0,53.2,189.0,Failure,0.917691747762871
1370,M16229,M,298.7,310.3,1481.0,51.5,81.0,No Failure,0.14196651251156658
5078,L52257,L,304.3,313.3,1775.0,34.9,37.0,No Failure,0.3712385109679672
704,H30117,H,297.7,308.9,1479.0,60.9,83.0,No Failure,0.3972363174297967
8378,L55557,L,298.8,309.7,1336.0,60.3,42.0,No Failure,0.29661776385966143
3330,L50509,L,301.6,310.7,1683.0,39.7,129.0,Failure,0.6365416462177355
2546,M17405,M,299.2,309.0,1541.0,46.3,102.0,No Failure,0.32538078167108514
8789,L55968,L,297.4,308.5,1369.0,63.2,41.0,No Failure,0.3969460262503157
5354,L52533,L,303.4,312.7,1589.0,44.0,114.0,Failure,0.619064690262292
6402,M21261,M,300.0,309.6,1573.0,49.7,160.0,Failure,0.7353784989996203
1084,L48263,L,297.0,307.8,1683.0,42.3,195.0,Failure,0.5719544313672661
5082,M19941,M,304.1,313.3,1494.0,49.0,47.0,No Failure,0.3870541114681751
9539,L56718,L,299.3,310.6,1480.0,70.1,109.0,Failure,0.9175852952482434
3910,H33323,H,302.3,311.3,1744.0,40.3,114.0,Failure,0.5405261499376404
949,M15808,M,295.6,306.3,1426.0,55.5,51.0,No Failure,0.17916734015263813
4006,M18865,M,302.0,311.1,1406.0,58.8,157.0,Failure,0.8731805138286054
9610,L56789,L,299.0,310.1,1470.0,65.3,85.0,Failure,0.7901183836299698
7119,L54298,L,300.9,310.5,1565.0,45.9,79.0,No Failure,0.44373165167584355
1901,H31314,H,297.9,307.6,1493.0,46.0,159.0,No Failure,0.3030688767964842
9753,L56932,L,298.6,309.8,1561.0,52.6,197.0,Failure,0.7530585248107944
902,H30315,H,295.6,306.1,1256.0,72.3,140.0,Failure,0.7437373313048778
1220,M16079,M,291.9,301.1,1357.0,51.8,125.0,No Failure,0.2793950611723116
5699,L52878,L,297.5,304.9,1265.0,69.8,117.0,Failure,0.9719655411169782
1957,M16816,M,297.9,307.7,1364.0,56.8,87.0,No Failure,0.39314905798452243
6555,M21414,M,301.4,310.7,1639.0,49.8,123.0,Failure,0.7911810344992931
2188,M17047,M,294.8,302.4,1439.0,57.4,55.0,Failure,0.7322538929947215
186,L47365,L,298.2,308.2,1446.0,48.2,59.0,No Failure,0.19774729653349388
2685,L49864,L,299.8,309.4,1460.0,47.4,23.0,No Failure,0.18322963070727524
8134,L55313,L,299.8,311.1,1466.0,56.1,56.0,No Failure,0.3287148219112728
5681,M20540,M,302.2,311.6,1386.0,60.5,67.0,Failure,0.6753991881106627
8569,L55748,L,297.9,308.6,1691.0,39.6,114.0,No Failure,0.26558613262905995
8475,M23334,M,298.5,309.7,1523.0,54.6,81.0,No Failure,0.32524781560394433
4248,L51427,L,302.6,311.0,1369.0,70.0,91.0,Failure,0.9757498109758317
2736,L49915,L,299.7,309.2,1412.0,55.4,145.0,Failure,0.7656497509797402
9501,L56680,L,299.2,310.2,1697.0,40.6,10.0,No Failure,0.09583098970880403
2080,M16939,M,299.3,309.3,1523.0,47.9,202.0,Failure,0.6424103802991527
4404,L51583,L,302.3,310.1,1388.0,59.9,46.0,Failure,0.8704946879771587
1935,L49114,L,298.1,307.9,1698.0,43.3,38.0,No Failure,0.33532864618553193
481,L47660,L,297.4,309.0,1583.0,42.0,164.0,No Failure,0.2057930396900198
5489,L52668,L,302.7,312.2,1450.0,62.1,211.0,Failure,0.9757272217040975
7035,H36448,H,300.6,310.6,1830.0,36.2,76.0,No Failure,0.21676228828653132
4457,L51636,L,302.3,310.1,1487.0,56.0,182.0,Failure,0.9749872726423606
8583,M23442,M,297.5,308.1,1334.0,82.0,149.0,Failure,0.9797430028744183
1047,L48226,L,296.4,307.5,1331.0,57.8,97.0,No Failure,0.2773812421656513
4309,H33722,H,301.4,309.9,1460.0,57.2,20.0,Failure,0.5467799004198848
1263,H30676,H,297.8,309.2,1648.0,43.0,27.0,No Failure,0.03966875619339237
8129,L55308,L,300.1,311.4,1629.0,41.3,39.0,No Failure,0.08815168781641859
7458,L54637,L,300.1,311.6,1530.0,46.6,72.0,No Failure,0.1407280058174668
8369,L55548,L,298.9,309.8,1534.0,52.1,21.0,No Failure,0.232610248293909
5901,M20760,M,300.9,310.7,1485.0,51.0,179.0,Failure,0.6979581562912764
909,M15768,M,295.5,306.1,1822.0,34.3,162.0,No Failure,0.2726533466908582
9423,L56602,L,298.1,308.5,1665.0,39.6,18.0,No Failure,0.09897602744835057
9288,L56467,L,298.2,308.9,1709.0,38.1,79.0,No Failure,0.17102872265030422
2735,H32148,H,299.7,309.2,1572.0,42.8,140.0,No Failure,0.31002216317879183
6025,L53204,L,300.7,310.9,1356.0,75.3,64.0,Failure,0.9404588750256927
2578,L49757,L,299.5,309.4,1563.0,51.5,181.0,Failure,0.8463846396522076
4180,L51359,L,302.4,310.9,1349.0,56.1,146.0,Failure,0.8598230472742419
1686,L48865,L,297.9,307.3,1824.0,36.3,3.0,No Failure,0.22702174852739504
2052,M16911,M,299.4,309.2,1470.0,64.4,131.0,Failure,0.9066112717740581
3743,L50922,L,302.4,311.4,1564.0,45.0,120.0,Failure,0.6650457711657187
8337,L55516,L,298.9,309.7,1449.0,58.8,145.0,Failure,0.740549162071059
7029,M21888,M,295.6,303.6,1403.0,60.4,62.0,Failure,0.7613098058552499
722,L47901,L,297.5,308.9,1696.0,40.9,131.0,No Failure,0.25760901298813044
202,L47381,L,298.3,308.5,1575.0,51.2,103.0,Failure,0.6030471447838675
4007,L51186,L,302.1,311.2,1492.0,55.0,160.0,Failure,0.9113077615860258
8748,L55927,L,292.3,301.5,1504.0,52.0,140.0,Failure,0.6739866028845856
7730,H37143,H,300.7,311.9,1329.0,69.2,119.0,Failure,0.6713143286994718
5964,H35377,H,300.4,310.7,1656.0,46.3,125.0,No Failure,0.4201119836247538
5324,M20183,M,298.4,305.7,1399.0,58.4,32.0,Failure,0.7553735010062694
2459,L49638,L,299.0,308.6,1434.0,55.9,106.0,Failure,0.6865391026006293
2933,L50112,L,300.9,309.7,1460.0,52.1,179.0,Failure,0.8774377998250888
580,M15439,M,297.8,309.7,1700.0,41.3,198.0,No Failure,0.3017921922675179
9059,M23918,M,297.2,308.3,1326.0,67.2,98.0,Failure,0.5674274539943028
6871,H36284,H,301.0,311.3,1597.0,49.2,64.0,No Failure,0.27671878641131564
9316,L56495,L,293.5,302.5,1569.0,51.0,151.0,Failure,0.7983522133666971
7665,H37078,H,300.5,311.7,1454.0,70.3,171.0,Failure,0.9165919265883067
7685,M22544,M,300.7,311.8,1407.0,67.4,226.0,Failure,0.9429923667042748
6820,L53999,L,300.9,310.7,1359.0,56.0,149.0,Failure,0.7065235551874378
5242,L52421,L,303.7,313.1,1683.0,38.4,44.0,No Failure,0.3132226635892321
4445,L51624,L,302.4,310.2,2224.0,26.0,152.0,Failure,0.9577928952149892
4836,M19695,M,303.4,311.9,1419.0,75.9,41.0,Failure,0.9814504197527398
2222,L49401,L,294.6,302.0,1372.0,70.4,147.0,Failure,0.9890698461552606
9400,L56579,L,292.8,301.3,1477.0,54.8,168.0,Failure,0.8709197957556679
8226,L55405,L,299.1,310.5,1532.0,46.6,60.0,No Failure,0.12257513769683878
863,H30276,H,296.1,306.8,1645.0,41.0,39.0,No Failure,0.044884047841508797
9962,L57141,L,298.2,307.9,1399.0,64.9,137.0,Failure,0.9126655475141335
3657,M18516,M,302.1,311.5,1383.0,63.6,106.0,Failure,0.8502608302694583
8451,L55630,L,298.4,310.0,1559.0,54.2,21.0,No Failure,0.23285215069691634
9520,L56699,L,299.0,310.1,1531.0,46.0,55.0,No Failure,0.1252018444886051
6569,L53748,L,301.3,310.6,1521.0,46.3,164.0,Failure,0.7079957674836275
4228,L51407,L,302.2,310.8,1383.0,66.9,41.0,Failure,0.9199656537786031
7621,L54800,L,300.5,311.5,1651.0,46.9,63.0,No Failure,0.33578742199963196
4626,L51805,L,303.0,311.2,1511.0,55.7,182.0,Failure,0.972300849114436
5091,M19950,M,303.9,313.2,1570.0,50.7,72.0,Failure,0.6406620709382035
4939,M19798,M,303.5,312.4,1606.0,55.1,100.0,Failure,0.8978441371119864
1416,L48595,L,298.7,309.9,1617.0,43.0,201.0,No Failure,0.4785769849745785
9062,M23921,M,297.2,308.4,1863.0,36.0,108.0,No Failure,0.20105741451913964
9765,L56944,L,293.5,302.5,1294.0,76.7,10.0,Failure,0.889829198195565
131,L47310,L,298.8,308.4,1473.0,51.1,126.0,Failure,0.6150543152825798
9412,L56591,L,298.0,308.5,1404.0,71.6,203.0,Failure,0.9782897969517748
3288,M18147,M,301.2,310.1,1558.0,42.6,32.0,No Failure,0.20448271421775463
4778,M19637,M,303.5,312.2,1818.0,33.6,107.0,Failure,0.5398082601396528
9238,M24097,M,298.1,308.8,1811.0,35.4,145.0,No Failure,0.2825579696632856
4980,M19839,M,303.7,312.7,1612.0,46.3,198.0,Failure,0.8729650657325548
6087,L53266,L,300.9,310.8,1482.0,62.0,7.0,Failure,0.6953824994647473
7601,M22460,M,300.4,311.0,1595.0,45.4,13.0,No Failure,0.1074759544884663
6034,L53213,L,300.6,310.9,1471.0,47.9,84.0,No Failure,0.2768752202204516
8084,L55263,L,300.1,311.4,1438.0,52.2,137.0,No Failure,0.37870837316525463
3202,L50381,L,300.2,309.1,1479.0,57.0,20.0,Failure,0.6788054778249254
360,M15219,M,297.6,308.3,1567.0,59.6,73.0,Failure,0.6415702137655808
4017,L51196,L,302.1,310.9,1658.0,40.3,184.0,Failure,0.8107570437247558
2467,L49646,L,299.0,308.6,1429.0,47.7,124.0,No Failure,0.39751949687779603
3264,L50443,L,301.3,310.0,1344.0,79.8,188.0,Failure,0.9978349501548025
6719,L53898,L,301.4,310.6,2137.0,28.0,97.0,Failure,0.7535496065382027
392,L47571,L,297.6,308.6,1491.0,48.1,150.0,No Failure,0.33644810186663815
6180,M21039,M,296.1,303.9,1396.0,55.1,10.0,No Failure,0.4298661326616546
8873,M23732,M,297.9,309.1,1614.0,48.1,60.0,No Failure,0.17512110073207518
5676,M20535,M,302.3,311.7,1453.0,52.5,54.0,No Failure,0.4156151666651813
9757,L56936,L,298.6,309.8,1597.0,45.9,211.0,Failure,0.5974989030406822
9351,L56530,L,298.2,308.7,2186.0,27.800000000000004,29.0,No Failure,0.34604338238744514
24,L47203,L,299.0,309.4,1758.0,35.7,66.0,No Failure,0.17497562707503386
6165,H35578,H,300.9,310.7,1656.0,40.7,198.0,Failure,0.5132430340986417
1952,L49131,L,298.0,307.8,1839.0,42.7,75.0,Failure,0.6527152837701011
1704,M16563,M,298.1,307.8,1636.0,46.7,49.0,No Failure,0.3245333839366208
3362,L50541,L,301.5,310.6,1519.0,50.7,206.0,Failure,0.910552052800512
8681,L55860,L,297.2,308.5,1494.0,49.6,179.0,No Failure,0.43305475126949144
3903,L51082,L,302.2,311.1,1630.0,44.6,92.0,Failure,0.6794380410370722
3284,L50463,L,296.2,302.9,1449.0,55.5,21.0,Failure,0.8135192135924318
8062,M22921,M,300.2,311.6,1465.0,51.4,76.0,No Failure,0.15170712719141372
8130,L55309,L,300.0,311.3,1520.0,64.2,45.0,Failure,0.7121609579639624
2333,L49512,L,299.2,308.5,1378.0,60.4,218.0,Failure,0.9451123921588784
4585,L51764,L,302.8,311.1,1550.0,42.3,74.0,Failure,0.5132752184782696
9885,L57064,L,298.7,309.5,1673.0,40.8,139.0,No Failure,0.3519962525928396
720,L47899,L,297.4,308.8,1447.0,68.1,127.0,Failure,0.8637549780518327
7945,L55124,L,295.8,304.7,1414.0,59.0,8.0,Failure,0.5294421460954636
8516,L55695,L,298.2,309.4,1443.0,55.4,185.0,Failure,0.6478625028741413
6768,L53947,L,301.3,310.9,1509.0,51.7,14.0,No Failure,0.39685435226178256
6103,L53282,L,300.7,310.7,1442.0,53.2,47.0,No Failure,0.3742823502447296
9792,M24651,M,298.5,309.4,1521.0,47.5,92.0,No Failure,0.16718748692013405
9007,L56186,L,292.3,300.9,1417.0,51.8,184.0,Failure,0.7481429315347734
1566,L48745,L,298.0,308.2,1459.0,52.1,144.0,Failure,0.5733771650723624
9645,L56824,L,299.3,310.4,1629.0,52.6,173.0,Failure,0.8007994537341679
2188,M17047,M,299.8,309.4,1439.0,57.4,55.0,Failure,0.5151391912300307
6462,L53641,L,300.6,310.0,1505.0,45.9,93.0,No Failure,0.4165961895457306
1227,L48406,L,297.1,308.4,1488.0,52.5,144.0,No Failure,0.43145233077297745
2954,L50133,L,300.7,309.5,1578.0,60.4,36.0,Failure,0.9099166043280205
2378,M17237,M,299.2,308.3,1582.0,70.5,109.0,Failure,0.9858930707883574
2142,M17001,M,299.3,308.9,1577.0,44.9,158.0,Failure,0.5359334992375798
3880,M18739,M,302.6,311.7,1430.0,61.7,30.0,Failure,0.7303030962367273
4779,H34192,H,303.6,312.2,1371.0,64.6,110.0,Failure,0.8942926680935608
4277,M19136,M,302.2,310.4,1456.0,57.5,165.0,Failure,0.9418020025143642
5162,M20021,M,304.1,313.2,2028.0,28.9,43.0,No Failure,0.4302763235120636
2627,L49806,L,299.7,309.4,1650.0,54.8,95.0,Failure,0.8696752289138355
5346,L52525,L,303.5,312.8,1524.0,49.4,94.0,Failure,0.6725775382364687
5212,L52391,L,303.7,312.5,1433.0,63.6,183.0,Failure,0.9827352883640075
7418,M22277,M,300.1,311.3,1495.0,51.0,191.0,Failure,0.5068028321149733
4456,H33869,H,302.4,310.1,1597.0,38.9,177.0,Failure,0.6576339276635713
3828,M18687,M,302.4,310.9,1469.0,51.6,122.0,Failure,0.7539976994697994
1224,L48403,L,297.0,308.3,1492.0,58.1,135.0,Failure,0.6413677871810199
3322,L50501,L,301.5,310.6,1522.0,51.0,112.0,Failure,0.7644313782313442
9835,M24694,M,298.3,309.1,1632.0,42.7,-2.0,No Failure,0.05514003482657489
1786,L48965,L,298.2,308.0,1538.0,48.2,57.0,No Failure,0.3384933903917868
1684,M16543,M,297.9,307.4,1403.0,72.8,-4.0,Failure,0.8303474747290223
1732,M16591,M,298.3,307.9,1485.0,52.0,115.0,Failure,0.5236476307618206
2694,M17553,M,300.1,309.6,1622.0,46.1,41.0,No Failure,0.32679289658808824
9707,M24566,M,299.0,310.1,1705.0,40.1,82.0,No Failure,0.1353365953132061
1887,L49066,L,297.9,307.6,1503.0,65.7,126.0,Failure,0.9532186966914615
5146,L52325,L,304.5,313.7,1670.0,42.9,5.0,No Failure,0.40079215277959424
6661,H36074,H,301.4,310.5,1421.0,53.8,180.0,Failure,0.7310342590553454
1979,L49158,L,298.0,307.7,1442.0,53.6,146.0,Failure,0.6915182037468673
8781,M23640,M,297.5,308.6,1327.0,62.1,22.0,No Failure,0.1753707554675937
5871,L53050,L,301.5,311.1,2055.0,26.8,103.0,Failure,0.5429926516381194
3402,M18261,M,301.4,310.7,1617.0,44.3,99.0,No Failure,0.48396184474314086
6193,L53372,L,296.0,303.9,1428.0,55.3,45.0,Failure,0.6823459597300547
5052,L52231,L,303.9,313.0,1480.0,49.9,174.0,Failure,0.8475073670974279
7592,M22451,M,300.5,311.1,1296.0,71.3,200.0,Failure,0.9379505650026522
4342,L51521,L,301.7,309.8,1398.0,56.0,107.0,Failure,0.8626254819506981
7370,M22229,M,299.6,310.1,1646.0,49.6,69.0,No Failure,0.4172707568145548
1482,M16341,M,298.2,309.2,1332.0,70.2,145.0,Failure,0.8300279618338623
2583,L49762,L,299.2,309.0,1615.0,43.7,191.0,Failure,0.7104982785079762
4985,L52164,L,303.8,313.1,1256.0,68.7,211.0,Failure,0.9769725466192583
661,M15520,M,297.7,309.2,1700.0,37.4,174.0,No Failure,0.17545594403892592
9526,L56705,L,294.1,303.3,1411.0,52.1,72.0,No Failure,0.3531060041337253
5371,H34784,H,303.0,312.4,1627.0,47.1,166.0,Failure,0.72961385200937
1512,L48691,L,298.1,308.7,1642.0,50.3,-1.0,No Failure,0.2847013887433593
9494,L56673,L,299.1,309.8,1398.0,65.4,215.0,Failure,0.9438703434605608
8191,M23050,M,294.7,303.9,1620.0,47.2,201.0,Failure,0.7789769355922027
5829,L53008,L,301.3,311.1,1504.0,49.1,0.0,No Failure,0.22894315194778866
6493,M21352,M,300.8,309.9,1444.0,56.0,178.0,Failure,0.8670497001020885
8413,M23272,M,298.6,309.7,1314.0,59.7,134.0,No Failure,0.3768873154230182
803,L47982,L,296.9,307.8,1571.0,45.0,100.0,No Failure,0.2128788476194967
4897,M19756,M,303.7,312.4,1642.0,42.3,204.0,Failure,0.8495218610817246
966,L48145,L,295.8,306.6,1508.0,66.5,95.0,Failure,0.8636100690818587
2849,M17708,M,300.3,309.3,1391.0,67.9,202.0,Failure,0.9798560989394653
510,M15369,M,297.6,309.3,1415.0,51.3,15.0,No Failure,0.03579670065580944
4614,L51793,L,303.1,311.3,1403.0,75.6,146.0,Failure,0.9968902863742438
7409,L54588,L,299.9,310.9,1292.0,61.1,171.0,Failure,0.6615130901150847
9109,M23968,M,297.5,308.6,1440.0,48.8,27.0,No Failure,0.047772106600497265
9014,H38427,H,297.2,308.0,1435.0,53.0,200.0,No Failure,0.4215507270122661
4094,M18953,M,302.0,310.5,1573.0,42.1,141.0,Failure,0.6010438581714789
1552,L48731,L,298.4,308.8,1458.0,50.1,109.0,No Failure,0.35259177124409147
9716,L56895,L,299.1,310.1,1373.0,65.6,106.0,Failure,0.745244902827068
7814,L54993,L,300.0,311.5,1455.0,61.7,126.0,Failure,0.7213893496237012
9444,H38857,H,298.0,308.8,1411.0,63.8,71.0,No Failure,0.4419196039264581
3145,M18004,M,295.6,303.0,1478.0,46.3,93.0,Failure,0.5181263576553901
196,L47375,L,298.3,308.5,1453.0,52.9,87.0,No Failure,0.4209481098661665
1011,M15870,M,296.2,307.2,1552.0,44.8,6.0,No Failure,0.03782446656159924
3642,L50821,L,302.3,311.6,1488.0,51.8,73.0,Failure,0.625362054385252
9243,M24102,M,298.2,308.7,1269.0,70.9,161.0,Failure,0.8620649047780838
3247,L50426,L,301.0,309.7,1468.0,52.0,139.0,Failure,0.8271730204335117
3907,L51086,L,302.3,311.2,1297.0,87.5,111.0,Failure,0.9977266398496232
6099,M20958,M,300.8,310.7,1924.0,32.4,34.0,No Failure,0.20841309178921394
1377,M16236,M,298.8,310.2,1527.0,41.2,100.0,No Failure,0.054426374869481244
4241,L51420,L,302.4,311.1,1905.0,30.9,75.0,Failure,0.5494707448068565
1229,M16088,M,297.1,308.4,1583.0,48.2,148.0,No Failure,0.32259288924680707
358,L47537,L,297.6,308.4,1517.0,44.2,64.0,No Failure,0.10497025929013198
1057,L48236,L,296.8,307.8,1565.0,49.5,122.0,No Failure,0.4076775723743862
3240,L50419,L,301.0,309.5,1430.0,58.5,120.0,Failure,0.9097969779438912
7266,L54445,L,300.4,310.6,1384.0,58.7,22.0,No Failure,0.3888262012598481
2111,H31524,H,299.3,309.0,1508.0,45.0,68.0,No Failure,0.12373077998104247
1507,L48686,L,298.0,308.8,1610.0,43.7,210.0,Failure,0.5788029827500359
9774,L56953,L,298.5,309.4,1560.0,47.9,35.0,No Failure,0.1695461359622612
3269,M18128,M,301.3,310.1,1525.0,62.8,201.0,Failure,0.9841173325864604
700,H30113,H,297.5,308.7,1416.0,49.2,72.0,No Failure,0.04761702306324685
7553,L54732,L,300.3,311.3,1525.0,50.7,103.0,No Failure,0.4057630056093132
1034,H30447,H,296.4,307.5,1556.0,63.0,64.0,Failure,0.5424431295802508
2753,M17612,M,299.7,309.1,1851.0,34.7,187.0,Failure,0.6885320623234816
7097,L54276,L,300.6,310.2,1489.0,57.8,19.0,Failure,0.6205117372906948
6472,L53651,L,300.4,309.6,1523.0,48.5,122.0,Failure,0.6732496882374632
1997,M16856,M,298.4,308.0,1416.0,63.2,200.0,Failure,0.9338979782261513
484,L47663,L,297.4,309.0,1324.0,66.9,171.0,Failure,0.7766028820341441
9467,L56646,L,298.6,309.4,1471.0,58.0,139.0,Failure,0.7224976388073685
6991,L54170,L,300.7,311.1,2478.0,23.4,168.0,Failure,0.934430084813942
2832,M17691,M,300.3,309.2,1490.0,57.9,161.0,Failure,0.9155533557950424
5800,L52979,L,301.5,310.8,1593.0,44.5,160.0,Failure,0.7365862994870394
3518,L50697,L,302.0,311.0,1550.0,45.2,182.0,Failure,0.8009872151042927
3067,M17926,M,300.1,309.2,1457.0,54.3,96.0,Failure,0.6347440991666236
972,L48151,L,290.9,299.6,1557.0,51.1,111.0,Failure,0.6852130803822032
4586,L51765,L,302.8,311.1,1563.0,42.2,76.0,Failure,0.5372577327384543
7308,M22167,M,300.0,310.4,1385.0,62.1,126.0,Failure,0.7074865661972379
2436,L49615,L,298.9,308.2,1686.0,40.4,51.0,No Failure,0.3366157858166328
568,M15427,M,297.7,309.7,1680.0,40.2,166.0,No Failure,0.160860899818234
2241,L49420,L,299.2,308.5,1457.0,69.7,197.0,Failure,0.9909172506641933
2728,L49907,L,294.7,302.3,1434.0,48.5,125.0,Failure,0.6841851458741705
8174,H37587,H,299.9,311.4,1497.0,47.0,160.0,No Failure,0.15592303786091696
6751,M21610,M,301.7,311.0,1505.0,54.0,185.0,Failure,0.8780941333680511
9023,L56202,L,297.4,308.3,1548.0,56.6,5.0,No Failure,0.3389496580200337
9831,L57010,L,298.3,309.3,1337.0,66.1,204.0,Failure,0.8922516386230029
1000,L48179,L,296.3,307.1,1560.0,43.2,184.0,No Failure,0.35751227265016583
1438,H30851,H,298.8,309.9,1439.0,55.2,38.0,No Failure,0.1114488030142069
4554,L51733,L,297.6,303.5,1461.0,55.4,-2.0,Failure,0.8711186603854986
8110,L55289,L,300.3,311.7,1821.0,46.3,198.0,Failure,0.8594074980638154
9365,L56544,L,297.9,308.5,1683.0,38.5,61.0,No Failure,0.13301474723922635
6581,L53760,L,301.3,310.4,1507.0,64.1,196.0,Failure,0.9876177904811627
7355,M22214,M,299.7,310.3,1429.0,72.7,37.0,Failure,0.8420649422516703
8615,L55794,L,297.5,308.5,1691.0,43.1,7.0,No Failure,0.11469191702605122
1720,L48899,L,298.2,307.7,1503.0,58.3,83.0,Failure,0.7957565957805057
9787,M24646,M,298.7,309.6,1738.0,37.3,77.0,No Failure,0.11273288889078273
491,L47670,L,297.4,309.2,1459.0,57.9,187.0,Failure,0.6654186007733357
6993,L54172,L,300.7,311.0,1596.0,61.9,176.0,Failure,0.969704443263734
5884,L53063,L,301.4,311.1,1800.0,36.0,133.0,Failure,0.5835470879559845
7860,M22719,M,300.5,311.9,1370.0,54.8,18.0,No Failure,0.0756040637221962
8922,L56101,L,297.1,308.1,1633.0,43.3,190.0,No Failure,0.48264872181525104
7941,M22800,M,300.7,311.7,1532.0,50.0,-2.0,No Failure,0.09984010657870099
5637,L52816,L,302.6,312.0,1447.0,55.5,171.0,Failure,0.8900425788786124
8232,L55411,L,299.1,310.5,1419.0,58.8,74.0,No Failure,0.3855470287691721
8792,M23651,M,297.4,308.5,1412.0,70.5,51.0,Failure,0.6947607578163175
8812,L55991,L,297.2,308.5,1574.0,55.8,91.0,Failure,0.5471169751142405
4431,H33844,H,302.3,310.1,1688.0,40.4,113.0,Failure,0.6493266028300793
2947,M17806,M,300.7,309.5,1622.0,40.5,12.0,No Failure,0.17959171020322598
428,M15287,M,297.5,308.5,1496.0,52.2,20.0,No Failure,0.1133000155442453
6311,L53490,L,300.9,310.1,2090.0,37.8,129.0,Failure,0.9449908721464387
5919,L53098,L,295.6,303.1,1541.0,52.0,21.0,Failure,0.7093396565411862
9352,L56531,L,298.3,308.8,1645.0,40.4,31.0,No Failure,0.11004562346878938
4603,M19462,M,303.0,311.0,1409.0,51.7,118.0,Failure,0.746097738397351
960,L48139,L,295.8,306.5,1505.0,45.2,84.0,No Failure,0.13224563343561502
7729,L54908,L,300.7,311.8,1420.0,57.0,117.0,Failure,0.5333778775295346
8962,M23821,M,297.3,308.0,1403.0,70.0,79.0,Failure,0.7867056008542986
5857,H35270,H,301.2,310.9,1598.0,45.9,69.0,No Failure,0.2646131406662079
3814,L50993,L,302.0,310.6,1467.0,54.9,84.0,Failure,0.8172878719432959
6713,H36126,H,301.4,310.7,1516.0,56.4,79.0,Failure,0.6546226251175908
1641,L48820,L,298.0,307.8,1567.0,46.4,107.0,No Failure,0.46176260128088503
4061,M18920,M,302.0,310.9,1352.0,65.5,57.0,Failure,0.8255938657205492
3952,M18811,M,302.3,311.4,1571.0,42.7,15.0,No Failure,0.1799753788809994
4367,L51546,L,302.0,309.9,1388.0,61.4,181.0,Failure,0.9783506479152342
1480,L48659,L,298.2,309.3,1355.0,68.8,144.0,Failure,0.8632802641561537
1821,L49000,L,298.1,307.5,1493.0,63.7,149.0,Failure,0.9579889457070739
3595,M18454,M,301.6,310.4,1452.0,55.7,162.0,Failure,0.8750632236985275
9123,L56302,L,297.4,308.4,1580.0,51.2,64.0,No Failure,0.3361658729848246
4822,L52001,L,303.5,311.9,1405.0,65.6,6.0,Failure,0.8971154757678704
2847,L50026,L,300.3,309.2,1412.0,54.8,198.0,Failure,0.9030115001063864
551,L47730,L,297.4,309.2,1698.0,49.4,115.0,No Failure,0.47857560105410546
3876,L51055,L,302.6,311.8,1427.0,60.1,19.0,Failure,0.7140206555860573
5211,L52390,L,303.7,312.6,1466.0,52.5,181.0,Failure,0.9068218437486176
5879,L53058,L,301.4,311.0,1533.0,55.8,123.0,Failure,0.8652059604991862
463,L47642,L,297.4,308.7,1433.0,53.4,114.0,No Failure,0.29859740383979466
456,L47635,L,292.4,301.7,1429.0,67.4,94.0,Failure,0.8997401393587847
2329,L49508,L,299.3,308.7,1579.0,46.3,209.0,Failure,0.834215947199826
8856,L56035,L,292.7,301.9,1662.0,38.1,17.0,No Failure,0.10552600727292526
8065,L55244,L,300.5,311.8,1596.0,44.8,85.0,No Failure,0.20876456900271156
9961,L57140,L,298.2,307.8,1575.0,60.0,139.0,Failure,0.9420701426028063
5064,H34477,H,304.0,312.9,1495.0,56.6,-2.0,No Failure,0.4963147454973057
2877,M17736,M,300.5,309.3,1578.0,40.5,32.0,No Failure,0.1716776358071033
8036,L55215,L,300.7,311.7,1910.0,29.7,11.0,No Failure,0.07382846697276217
622,L47801,L,298.3,310.1,1408.0,55.3,76.0,No Failure,0.1891487841341949
1479,L48658,L,298.3,309.4,1568.0,45.8,138.0,No Failure,0.32798969739501577
7438,L54617,L,294.8,304.3,1727.0,40.0,22.0,No Failure,0.20801592494604748
1907,L49086,L,297.9,307.6,1430.0,72.4,174.0,Failure,0.986435502603762
3585,L50764,L,301.8,310.6,1192.0,78.9,133.0,Failure,0.9855315098073921
327,L47506,L,297.7,308.5,1501.0,51.4,199.0,Failure,0.6749004675040033
920,L48099,L,295.4,305.8,1407.0,75.7,194.0,Failure,0.9860180248571465
7832,M22691,M,300.0,311.4,1533.0,52.6,178.0,Failure,0.5600529688309267
6832,L54011,L,301.1,311.0,1565.0,72.3,179.0,Failure,0.9954141970040904
7931,L55110,L,295.6,304.6,1455.0,58.0,201.0,Failure,0.9328142830179962
3301,H32714,H,301.3,310.4,1538.0,48.4,63.0,No Failure,0.34186359712743886
2138,L49317,L,299.3,308.9,1623.0,41.1,150.0,Failure,0.5311100567807799
4852,L52031,L,303.7,312.1,1363.0,71.8,86.0,Failure,0.9818672796664181
2908,M17767,M,300.6,309.4,1581.0,45.7,115.0,Failure,0.6021683530669404
2101,M16960,M,294.3,302.3,1471.0,56.0,40.0,Failure,0.6154213650455651
976,M15835,M,296.0,306.6,1628.0,46.8,119.0,No Failure,0.3394244838605313
8208,L55387,L,294.2,303.7,1535.0,52.6,15.0,No Failure,0.3496065602729935
2421,H31834,H,298.8,308.2,1450.0,54.7,12.0,No Failure,0.22216035412895466
2321,H31734,H,299.2,308.8,1440.0,49.1,186.0,No Failure,0.4674291834522839
1818,L48997,L,298.1,307.7,1664.0,37.6,143.0,No Failure,0.40355130889317753
8623,L55802,L,297.5,308.3,1437.0,52.3,27.0,No Failure,0.14355241569759147
5979,L53158,L,300.5,310.6,1448.0,56.3,171.0,Failure,0.8279867048073171
4812,M19671,M,303.4,312.0,1748.0,48.4,196.0,Failure,0.9684376428824133
6121,M20980,M,300.9,311.2,1472.0,50.0,91.0,No Failure,0.2887109906557071
9710,M24569,M,299.0,310.0,1486.0,44.6,89.0,No Failure,0.08315801367531155
1656,M16515,M,298.2,308.0,1577.0,45.9,149.0,No Failure,0.4914362054304009
160,L47339,L,298.4,308.2,1471.0,67.0,210.0,Failure,0.9833840003188108
8925,H38338,H,292.1,301.2,1527.0,52.2,197.0,Failure,0.7021039306631789
5286,L52465,L,303.8,313.1,1523.0,49.8,148.0,Failure,0.8183190826699478
2236,M17095,M,299.4,308.6,1455.0,52.7,181.0,Failure,0.7747559446614256
5645,L52824,L,302.5,312.0,1383.0,76.3,192.0,Failure,0.9955163795073206
7158,L54337,L,300.2,310.0,1486.0,50.1,180.0,Failure,0.7438836839649181
7983,L55162,L,301.0,312.3,1488.0,52.6,105.0,No Failure,0.39496668471542223
7840,L55019,L,300.3,311.6,1374.0,67.4,193.0,Failure,0.9174595441204826
9667,M24526,M,294.1,303.3,1838.0,34.0,233.0,Failure,0.6975331566908515
5847,L53026,L,301.4,311.3,1674.0,43.3,44.0,No Failure,0.3653356496111687
9124,L56303,L,297.4,308.5,1462.0,62.8,64.0,Failure,0.6073218067227902
2873,L50052,L,300.8,309.6,1680.0,38.7,20.0,No Failure,0.28878687456699864
6200,L53379,L,300.9,310.9,1497.0,53.2,60.0,Failure,0.510285219238564
7973,L55152,L,301.1,312.2,1397.0,79.9,83.0,Failure,0.9701289436368256
4826,L52005,L,303.3,311.8,1692.0,40.6,16.0,No Failure,0.4685208226499955
1625,M16484,M,297.8,307.8,1310.0,82.9,72.0,Failure,0.9649355725764797
2912,M17771,M,300.7,309.5,1352.0,54.0,124.0,Failure,0.6024042252363841
30,L47209,L,299.0,309.4,1693.0,40.1,82.0,No Failure,0.2629842089182985
6416,L53595,L,300.4,310.1,1503.0,52.2,194.0,Failure,0.8588486270666018
7464,H36877,H,300.1,311.4,1518.0,66.9,83.0,Failure,0.7324041831259516
2984,L50163,L,300.6,309.6,1290.0,67.4,117.0,Failure,0.9220522829478915
6946,M21805,M,295.8,304.4,1852.0,32.2,51.0,No Failure,0.2369606097877011
3620,L50799,L,301.9,311.2,1435.0,54.2,14.0,No Failure,0.44239363968386586
1706,M16565,M,298.1,307.8,1608.0,42.6,55.0,No Failure,0.17607972854205067
7744,L54923,L,300.5,311.9,1710.0,53.4,160.0,Failure,0.858318592284705
2305,L49484,L,299.1,308.5,1455.0,49.8,143.0,Failure,0.6245785660245876
3047,M17906,M,300.2,309.4,1501.0,60.0,44.0,Failure,0.7481296031198182
1275,H30688,H,298.1,309.5,1530.0,50.2,63.0,No Failure,0.09441337805450464
8877,M23736,M,298.1,309.3,1752.0,45.2,73.0,No Failure,0.2826546373604832
5683,H35096,H,302.3,311.6,1441.0,63.9,72.0,Failure,0.802446623947874
5235,L52414,L,303.7,312.9,1461.0,60.1,29.0,Failure,0.7970044309159782
2751,H32164,H,299.7,309.2,1456.0,50.6,180.0,Failure,0.5664568357771154
1454,L48633,L,299.1,310.4,1450.0,50.9,83.0,No Failure,0.19464671070817252
5501,L52680,L,302.7,312.1,1601.0,45.2,29.0,No Failure,0.3878035598417404
7318,L54497,L,299.9,310.3,1638.0,39.1,150.0,No Failure,0.35100149952619253
187,L47366,L,298.1,308.3,1301.0,66.0,61.0,Failure,0.6319303014987658
3448,L50627,L,301.7,310.6,1624.0,54.5,212.0,Failure,0.9802963111880818
3436,L50615,L,301.5,310.5,1389.0,64.9,185.0,Failure,0.9750602371185808
6170,L53349,L,300.7,310.5,1448.0,58.2,214.0,Failure,0.9355292347982059
1111,L48290,L,296.5,307.4,1292.0,62.5,60.0,No Failure,0.3208682663639791
5743,L52922,L,302.3,311.7,1414.0,57.0,9.0,Failure,0.5015066831154659
4206,L51385,L,302.3,310.8,1723.0,36.3,211.0,Failure,0.8559793160023021
1771,H31184,H,298.4,307.9,1605.0,41.0,16.0,No Failure,0.06916838530690306
21,H29434,H,298.9,309.3,1375.0,52.7,56.0,No Failure,0.0988780965521918
789,M15648,M,296.9,308.1,1440.0,56.3,62.0,No Failure,0.20079519771569676
6324,L53503,L,300.7,310.1,1351.0,56.9,163.0,Failure,0.8049120734494236
2143,L49322,L,299.3,308.9,1376.0,85.3,165.0,Failure,0.9979692678723984
6876,M21735,M,300.8,311.2,1592.0,42.9,80.0,No Failure,0.1786509852089632
707,M15566,M,297.8,309.0,1434.0,63.3,92.0,Failure,0.5591339039435235
6784,L53963,L,301.3,310.8,1450.0,56.9,57.0,Failure,0.6673406189400244
8079,L55258,L,300.3,311.7,1571.0,41.2,121.0,No Failure,0.14988689719121667
6205,M21064,M,300.9,310.8,1519.0,44.9,71.0,No Failure,0.19174894396658362
5755,L52934,L,302.1,311.5,1727.0,37.7,48.0,No Failure,0.33293346261120993
8947,M23806,M,297.3,308.2,1846.0,34.5,39.0,No Failure,0.08118734114518475
3683,L50862,L,302.1,311.2,1550.0,54.8,173.0,Failure,0.945501984237043
1662,M16521,M,298.2,308.0,1411.0,57.2,166.0,Failure,0.7304324812826269
7856,M22715,M,300.3,311.8,1592.0,42.1,9.0,No Failure,0.03293602967653286
3696,L50875,L,302.2,311.3,1530.0,47.3,205.0,Failure,0.8655094448651302
9336,L56515,L,298.4,308.9,1501.0,70.0,199.0,Failure,0.9847845787050823
7394,M22253,M,299.7,310.5,1594.0,45.4,132.0,No Failure,0.31347985665343914
